mode: set
github.com/npikall/gotpm/cmd/add.go:34.2,37.1 3 1
github.com/npikall/gotpm/cmd/add.go:40.2,43.1 2 0
github.com/npikall/gotpm/cmd/add.go:44.2,45.1 2 0
github.com/npikall/gotpm/cmd/bump.go:29.2,34.1 5 1
github.com/npikall/gotpm/cmd/bump.go:37.2,42.1 3 0
github.com/npikall/gotpm/cmd/bump.go:44.2,45.19 3 0
github.com/npikall/gotpm/cmd/bump.go:46.3,47.1 1 0
github.com/npikall/gotpm/cmd/bump.go:48.2,48.50 1 0
github.com/npikall/gotpm/cmd/cache.go:23.2,25.1 3 1
github.com/npikall/gotpm/cmd/cache.go:26.2,27.1 3 1
github.com/npikall/gotpm/cmd/cache.go:30.2,32.1 2 0
github.com/npikall/gotpm/cmd/cache.go:33.2,34.1 2 0
github.com/npikall/gotpm/cmd/check.go:18.2,19.1 1 1
github.com/npikall/gotpm/cmd/check.go:22.2,23.1 1 0
github.com/npikall/gotpm/cmd/config.go:55.2,60.1 5 1
github.com/npikall/gotpm/cmd/config.go:63.2,64.1 1 0
github.com/npikall/gotpm/cmd/config.go:67.2,68.1 1 0
github.com/npikall/gotpm/cmd/config.go:71.2,72.1 1 0
github.com/npikall/gotpm/cmd/config.go:75.2,76.1 1 0
github.com/npikall/gotpm/cmd/init.go:22.2,23.1 1 1
github.com/npikall/gotpm/cmd/init.go:26.2,27.19 2 0
github.com/npikall/gotpm/cmd/init.go:28.3,29.1 1 0
github.com/npikall/gotpm/cmd/init.go:30.2,30.43 1 0
github.com/npikall/gotpm/cmd/install.go:49.2,56.1 7 1
github.com/npikall/gotpm/cmd/install.go:59.2,66.1 3 0
github.com/npikall/gotpm/cmd/install.go:68.2,69.19 3 0
github.com/npikall/gotpm/cmd/install.go:70.3,71.1 1 0
github.com/npikall/gotpm/cmd/install.go:72.2,72.48 1 0
github.com/npikall/gotpm/cmd/list.go:20.2,21.1 1 1
github.com/npikall/gotpm/cmd/list.go:24.2,25.1 1 0
github.com/npikall/gotpm/cmd/locate.go:40.2,41.1 1 1
github.com/npikall/gotpm/cmd/locate.go:44.2,45.19 2 0
github.com/npikall/gotpm/cmd/locate.go:46.3,47.1 1 0
github.com/npikall/gotpm/cmd/locate.go:48.2,48.40 1 0
github.com/npikall/gotpm/cmd/publish.go:25.2,28.1 3 1
github.com/npikall/gotpm/cmd/publish.go:31.2,34.1 2 0
github.com/npikall/gotpm/cmd/publish.go:35.2,36.1 2 0
github.com/npikall/gotpm/cmd/remove.go:29.2,31.1 2 1
github.com/npikall/gotpm/cmd/remove.go:34.2,36.1 2 0
github.com/npikall/gotpm/cmd/remove.go:37.2,38.1 2 0
github.com/npikall/gotpm/cmd/root.go:45.2,51.16 1 0
github.com/npikall/gotpm/cmd/root.go:52.3,53.1 1 0
github.com/npikall/gotpm/cmd/root.go:57.2,59.1 2 1
github.com/npikall/gotpm/cmd/root.go:62.2,63.16 2 0
github.com/npikall/gotpm/cmd/root.go:64.3,65.1 1 0
github.com/npikall/gotpm/cmd/root.go:66.2,66.28 1 0
github.com/npikall/gotpm/cmd/root.go:70.2,70.16 1 0
github.com/npikall/gotpm/cmd/root.go:71.3,73.1 2 0
github.com/npikall/gotpm/cmd/root.go:74.2,74.10 1 0
github.com/npikall/gotpm/cmd/self.go:20.3,22.1 2 0
github.com/npikall/gotpm/cmd/self.go:26.2,28.1 2 1
github.com/npikall/gotpm/cmd/self.go:31.2,37.1 1 0
github.com/npikall/gotpm/cmd/self_update.go:17.2,19.1 2 1
github.com/npikall/gotpm/cmd/self_update.go:22.2,24.1 2 0
github.com/npikall/gotpm/cmd/self_update.go:25.2,26.1 2 0
github.com/npikall/gotpm/cmd/sync.go:31.2,34.1 3 1
github.com/npikall/gotpm/cmd/sync.go:37.2,40.1 2 0
github.com/npikall/gotpm/cmd/sync.go:41.2,42.1 2 0
github.com/npikall/gotpm/cmd/uninstall.go:48.2,55.1 7 1
github.com/npikall/gotpm/cmd/uninstall.go:58.2,66.1 3 0
github.com/npikall/gotpm/cmd/uninstall.go:68.2,69.19 3 0
github.com/npikall/gotpm/cmd/uninstall.go:70.3,71.1 1 0
github.com/npikall/gotpm/cmd/uninstall.go:72.2,72.50 1 0
github.com/npikall/gotpm/cmd/update.go:38.2,43.1 5 1
github.com/npikall/gotpm/cmd/update.go:46.2,51.1 2 0
github.com/npikall/gotpm/cmd/update.go:52.2,53.1 2 0
github.com/npikall/gotpm/internal/cmds/locate/inventory.go:37.2,41.1 1 1
github.com/npikall/gotpm/internal/cmds/locate/inventory.go:45.2,51.16 4 0
github.com/npikall/gotpm/internal/cmds/locate/inventory.go:52.3,54.1 2 0
github.com/npikall/gotpm/internal/cmds/locate/inventory.go:55.2,55.65 1 0
github.com/npikall/gotpm/internal/cmds/locate/inventory.go:59.2,61.1 2 1
github.com/npikall/gotpm/internal/cmds/locate/inventory.go:64.2,65.15 2 1
github.com/npikall/gotpm/internal/cmds/locate/inventory.go:66.3,67.1 1 0
github.com/npikall/gotpm/internal/cmds/locate/inventory.go:68.2,69.38 2 1
github.com/npikall/gotpm/internal/cmds/locate/inventory.go:70.3,71.1 1 1
github.com/npikall/gotpm/internal/cmds/locate/inventory.go:72.2,72.13 1 1
github.com/npikall/gotpm/internal/cmds/locate/inventory.go:76.2,81.1 6 1
github.com/npikall/gotpm/internal/cmds/locate/inventory.go:82.2,88.1 6 1
github.com/npikall/gotpm/internal/cmds/locate/inventory.go:92.2,93.16 2 0
github.com/npikall/gotpm/internal/cmds/locate/inventory.go:94.3,95.1 1 0
github.com/npikall/gotpm/internal/cmds/locate/inventory.go:96.2,100.8 1 0
github.com/npikall/gotpm/internal/cmds/locate/locate.go:19.2,19.15 1 1
github.com/npikall/gotpm/internal/cmds/locate/locate.go:20.3,21.1 1 1
github.com/npikall/gotpm/internal/cmds/locate/locate.go:22.2,25.12 4 0
github.com/npikall/gotpm/internal/cmds/locate/locate.go:29.2,29.35 1 1
github.com/npikall/gotpm/internal/cmds/locate/locate.go:30.3,31.1 1 1
github.com/npikall/gotpm/internal/cmds/locate/locate.go:32.2,33.16 2 1
github.com/npikall/gotpm/internal/cmds/locate/locate.go:34.3,35.1 1 0
github.com/npikall/gotpm/internal/cmds/locate/locate.go:36.2,38.12 3 1
github.com/npikall/gotpm/internal/cmds/locate/locate.go:42.2,43.47 2 1
github.com/npikall/gotpm/internal/cmds/locate/locate.go:44.3,45.1 1 1
github.com/npikall/gotpm/internal/cmds/locate/locate.go:46.2,47.16 2 0
github.com/npikall/gotpm/internal/cmds/locate/locate.go:48.3,49.1 1 0
github.com/npikall/gotpm/internal/cmds/locate/locate.go:50.2,50.47 1 0
github.com/npikall/gotpm/internal/cmds/locate/locate.go:51.3,52.1 1 0
github.com/npikall/gotpm/internal/cmds/locate/locate.go:53.2,53.57 1 0
github.com/npikall/gotpm/internal/cmds/locate/locate.go:57.2,57.32 1 1
github.com/npikall/gotpm/internal/cmds/locate/locate.go:58.3,58.23 1 1
github.com/npikall/gotpm/internal/cmds/locate/locate.go:59.4,60.1 1 1
github.com/npikall/gotpm/internal/cmds/locate/locate.go:62.2,62.23 1 0
github.com/npikall/gotpm/internal/cmds/locate/render.go:13.2,14.31 2 0
github.com/npikall/gotpm/internal/cmds/locate/render.go:15.3,15.12 1 0
github.com/npikall/gotpm/internal/cmds/locate/render.go:16.4,17.1 1 0
github.com/npikall/gotpm/internal/cmds/locate/render.go:18.3,19.39 2 0
github.com/npikall/gotpm/internal/cmds/locate/render.go:20.4,21.1 1 0
github.com/npikall/gotpm/internal/cmds/locate/render.go:26.2,27.22 2 0
github.com/npikall/gotpm/internal/cmds/locate/render.go:28.3,31.1 3 0
github.com/npikall/gotpm/internal/cmds/locate/render.go:32.2,33.22 2 0
github.com/npikall/gotpm/internal/cmds/locate/render.go:34.3,35.1 1 0
github.com/npikall/gotpm/internal/cmds/locate/render.go:36.2,36.56 1 0
github.com/npikall/gotpm/internal/cmds/locate/render.go:40.2,41.31 2 0
github.com/npikall/gotpm/internal/cmds/locate/render.go:42.3,42.39 1 0
github.com/npikall/gotpm/internal/cmds/locate/render.go:43.4,43.30 1 0
github.com/npikall/gotpm/internal/cmds/locate/render.go:44.5,45.1 1 0
github.com/npikall/gotpm/internal/cmds/locate/render.go:48.2,48.14 1 0
github.com/npikall/gotpm/internal/cmds/list/list.go:22.2,23.16 2 1
github.com/npikall/gotpm/internal/cmds/list/list.go:24.3,25.1 1 0
github.com/npikall/gotpm/internal/cmds/list/list.go:26.2,27.1 2 1
github.com/npikall/gotpm/internal/cmds/list/list.go:28.2,28.17 2 1
github.com/npikall/gotpm/internal/cmds/list/list.go:29.3,30.1 1 0
github.com/npikall/gotpm/internal/cmds/list/list.go:32.2,33.16 2 1
github.com/npikall/gotpm/internal/cmds/list/list.go:34.3,35.1 1 0
github.com/npikall/gotpm/internal/cmds/list/list.go:36.2,36.26 1 1
github.com/npikall/gotpm/internal/cmds/list/list.go:37.3,39.1 2 0
github.com/npikall/gotpm/internal/cmds/list/list.go:41.2,42.12 2 1
github.com/npikall/gotpm/internal/cmds/list/list.go:46.2,47.39 2 1
github.com/npikall/gotpm/internal/cmds/list/list.go:48.3,49.40 2 1
github.com/npikall/gotpm/internal/cmds/list/list.go:50.4,52.1 2 1
github.com/npikall/gotpm/internal/cmds/list/list.go:55.2,57.50 3 1
github.com/npikall/gotpm/internal/cmds/list/list.go:61.2,63.42 3 1
github.com/npikall/gotpm/internal/cmds/list/list.go:64.3,66.1 2 0
github.com/npikall/gotpm/internal/cmds/list/list.go:68.2,69.35 2 1
github.com/npikall/gotpm/internal/cmds/list/list.go:70.3,70.23 1 1
github.com/npikall/gotpm/internal/cmds/list/list.go:71.4,72.1 1 0
github.com/npikall/gotpm/internal/cmds/list/list.go:73.4,74.1 1 1
github.com/npikall/gotpm/internal/cmds/list/list.go:77.2,81.3 1 1
github.com/npikall/gotpm/internal/cmds/config/config.go:14.2,15.16 2 1
github.com/npikall/gotpm/internal/cmds/config/config.go:16.3,17.1 1 0
github.com/npikall/gotpm/internal/cmds/config/config.go:18.2,18.44 1 1
github.com/npikall/gotpm/internal/cmds/config/config.go:19.3,20.1 1 1
github.com/npikall/gotpm/internal/cmds/config/config.go:21.2,21.42 1 1
github.com/npikall/gotpm/internal/cmds/config/config.go:22.3,23.1 1 0
github.com/npikall/gotpm/internal/cmds/config/config.go:24.2,25.12 2 1
github.com/npikall/gotpm/internal/cmds/config/config.go:30.2,31.16 2 1
github.com/npikall/gotpm/internal/cmds/config/config.go:32.3,33.1 1 0
github.com/npikall/gotpm/internal/cmds/config/config.go:34.2,35.16 2 1
github.com/npikall/gotpm/internal/cmds/config/config.go:36.3,37.1 1 1
github.com/npikall/gotpm/internal/cmds/config/config.go:38.2,39.12 2 1
github.com/npikall/gotpm/internal/cmds/config/config.go:44.2,45.16 2 1
github.com/npikall/gotpm/internal/cmds/config/config.go:46.3,47.1 1 0
github.com/npikall/gotpm/internal/cmds/config/config.go:48.2,48.39 1 1
github.com/npikall/gotpm/internal/cmds/config/config.go:49.3,50.1 1 0
github.com/npikall/gotpm/internal/cmds/config/config.go:51.2,51.42 1 1
github.com/npikall/gotpm/internal/cmds/config/config.go:52.3,53.1 1 0
github.com/npikall/gotpm/internal/cmds/config/config.go:54.2,55.12 2 1
github.com/npikall/gotpm/internal/cmds/config/config.go:60.2,61.16 2 1
github.com/npikall/gotpm/internal/cmds/config/config.go:62.3,63.1 1 0
github.com/npikall/gotpm/internal/cmds/config/config.go:64.2,65.16 2 1
github.com/npikall/gotpm/internal/cmds/config/config.go:66.3,67.1 1 0
github.com/npikall/gotpm/internal/cmds/config/config.go:68.2,69.38 2 1
github.com/npikall/gotpm/internal/cmds/config/config.go:70.3,71.1 1 1
github.com/npikall/gotpm/internal/cmds/config/config.go:72.2,72.12 1 1
github.com/npikall/gotpm/internal/cmds/bump/bump.go:30.2,30.38 1 1
github.com/npikall/gotpm/internal/cmds/bump/bump.go:31.3,32.1 1 1
github.com/npikall/gotpm/internal/cmds/bump/bump.go:34.2,35.16 2 1
github.com/npikall/gotpm/internal/cmds/bump/bump.go:36.3,37.1 1 1
github.com/npikall/gotpm/internal/cmds/bump/bump.go:38.2,39.1 5 1
github.com/npikall/gotpm/internal/cmds/bump/bump.go:40.2,43.18 5 1
github.com/npikall/gotpm/internal/cmds/bump/bump.go:44.3,46.1 2 1
github.com/npikall/gotpm/internal/cmds/bump/bump.go:48.2,49.16 2 1
github.com/npikall/gotpm/internal/cmds/bump/bump.go:50.3,51.1 1 1
github.com/npikall/gotpm/internal/cmds/bump/bump.go:52.2,53.1 2 1
github.com/npikall/gotpm/internal/cmds/bump/bump.go:54.2,54.17 2 1
github.com/npikall/gotpm/internal/cmds/bump/bump.go:55.3,58.1 3 1
github.com/npikall/gotpm/internal/cmds/bump/bump.go:60.2,60.19 1 1
github.com/npikall/gotpm/internal/cmds/bump/bump.go:61.3,63.1 2 1
github.com/npikall/gotpm/internal/cmds/bump/bump.go:65.2,66.70 2 1
github.com/npikall/gotpm/internal/cmds/bump/bump.go:67.3,68.1 1 0
github.com/npikall/gotpm/internal/cmds/bump/bump.go:70.2,75.12 2 1
github.com/npikall/gotpm/internal/cmds/bump/bump.go:79.2,80.16 2 1
github.com/npikall/gotpm/internal/cmds/bump/bump.go:81.3,82.1 1 0
github.com/npikall/gotpm/internal/cmds/bump/bump.go:84.2,84.38 1 1
github.com/npikall/gotpm/internal/cmds/bump/bump.go:85.3,86.1 1 1
github.com/npikall/gotpm/internal/cmds/bump/bump.go:88.2,89.16 2 1
github.com/npikall/gotpm/internal/cmds/bump/bump.go:90.3,91.1 1 1
github.com/npikall/gotpm/internal/cmds/bump/bump.go:93.2,93.24 1 1
github.com/npikall/gotpm/internal/cmds/cache/cache.go:25.2,26.16 2 1
github.com/npikall/gotpm/internal/cmds/cache/cache.go:27.3,28.1 1 0
github.com/npikall/gotpm/internal/cmds/cache/cache.go:29.2,30.16 2 1
github.com/npikall/gotpm/internal/cmds/cache/cache.go:31.3,32.1 1 0
github.com/npikall/gotpm/internal/cmds/cache/cache.go:33.2,34.1 3 1
github.com/npikall/gotpm/internal/cmds/cache/cache.go:35.2,36.16 3 1
github.com/npikall/gotpm/internal/cmds/cache/cache.go:37.3,38.1 1 0
github.com/npikall/gotpm/internal/cmds/cache/cache.go:40.2,40.17 1 1
github.com/npikall/gotpm/internal/cmds/cache/cache.go:41.3,43.1 2 1
github.com/npikall/gotpm/internal/cmds/cache/cache.go:45.2,45.44 1 1
github.com/npikall/gotpm/internal/cmds/cache/cache.go:46.3,47.1 1 0
github.com/npikall/gotpm/internal/cmds/cache/cache.go:48.2,48.43 1 1
github.com/npikall/gotpm/internal/cmds/cache/cache.go:49.3,50.1 1 0
github.com/npikall/gotpm/internal/cmds/cache/cache.go:52.2,53.12 2 1
github.com/npikall/gotpm/internal/cmds/cache/cache.go:57.2,58.1 1 1
github.com/npikall/gotpm/internal/cmds/check/check.go:49.2,49.59 1 0
github.com/npikall/gotpm/internal/cmds/check/check.go:50.3,51.1 1 0
github.com/npikall/gotpm/internal/cmds/check/check.go:52.2,52.16 1 0
github.com/npikall/gotpm/internal/cmds/check/check.go:53.3,54.1 1 0
github.com/npikall/gotpm/internal/cmds/check/check.go:56.2,57.12 2 0
github.com/npikall/gotpm/internal/cmds/check/check.go:62.2,63.16 2 1
github.com/npikall/gotpm/internal/cmds/check/check.go:64.3,65.1 1 1
github.com/npikall/gotpm/internal/cmds/check/check.go:67.2,70.21 4 1
github.com/npikall/gotpm/internal/cmds/check/check.go:71.3,72.1 1 0
github.com/npikall/gotpm/internal/cmds/check/check.go:74.2,75.16 2 1
github.com/npikall/gotpm/internal/cmds/check/check.go:76.3,77.1 1 0
github.com/npikall/gotpm/internal/cmds/check/check.go:78.2,79.1 4 1
github.com/npikall/gotpm/internal/cmds/check/check.go:80.2,82.30 4 1
github.com/npikall/gotpm/internal/cmds/check/check.go:83.3,83.41 1 1
github.com/npikall/gotpm/internal/cmds/check/check.go:84.4,84.12 1 1
github.com/npikall/gotpm/internal/cmds/check/check.go:86.3,87.1 2 1
github.com/npikall/gotpm/internal/cmds/check/check.go:88.3,88.69 2 1
github.com/npikall/gotpm/internal/cmds/check/check.go:89.4,90.1 1 1
github.com/npikall/gotpm/internal/cmds/check/check.go:92.2,92.20 1 1
github.com/npikall/gotpm/internal/cmds/check/check.go:96.2,96.22 1 1
github.com/npikall/gotpm/internal/cmds/check/check.go:97.3,98.1 1 1
github.com/npikall/gotpm/internal/cmds/check/check.go:100.2,101.16 2 1
github.com/npikall/gotpm/internal/cmds/check/check.go:102.3,103.1 1 1
github.com/npikall/gotpm/internal/cmds/check/check.go:104.2,104.39 1 1
github.com/npikall/gotpm/internal/cmds/check/check.go:105.3,106.1 1 1
github.com/npikall/gotpm/internal/cmds/check/check.go:107.2,107.17 1 1
github.com/npikall/gotpm/internal/cmds/check/check.go:108.3,109.1 1 1
github.com/npikall/gotpm/internal/cmds/check/check.go:110.2,110.12 1 1
github.com/npikall/gotpm/internal/cmds/check/check.go:114.2,114.21 1 1
github.com/npikall/gotpm/internal/cmds/check/check.go:115.3,116.1 1 0
github.com/npikall/gotpm/internal/cmds/check/check.go:117.2,118.12 2 1
github.com/npikall/gotpm/internal/cmds/check/check.go:119.3,120.1 1 1
github.com/npikall/gotpm/internal/cmds/check/check.go:121.2,121.60 1 1
github.com/npikall/gotpm/internal/cmds/check/check.go:122.3,127.1 1 1
github.com/npikall/gotpm/internal/cmds/check/check.go:128.2,128.12 1 1
github.com/npikall/gotpm/internal/cmds/check/check.go:132.2,132.41 1 1
github.com/npikall/gotpm/internal/cmds/check/check.go:133.3,133.25 1 1
github.com/npikall/gotpm/internal/cmds/check/check.go:134.4,135.1 1 1
github.com/npikall/gotpm/internal/cmds/check/check.go:136.3,136.61 1 0
github.com/npikall/gotpm/internal/cmds/check/check.go:138.2,138.12 1 1
github.com/npikall/gotpm/internal/cmds/check/check.go:142.2,142.38 1 0
github.com/npikall/gotpm/internal/cmds/check/check.go:143.3,144.1 1 0
github.com/npikall/gotpm/internal/cmds/check/check.go:145.2,145.42 1 0
github.com/npikall/gotpm/internal/cmds/check/check.go:146.3,147.1 1 0
github.com/npikall/gotpm/internal/cmds/check/check.go:148.2,148.29 1 0
github.com/npikall/gotpm/internal/cmds/check/check.go:149.3,150.1 1 0
github.com/npikall/gotpm/internal/cmds/self/self.go:37.2,38.1 1 1
github.com/npikall/gotpm/internal/cmds/self/self.go:48.2,50.1 1 0
github.com/npikall/gotpm/internal/cmds/self/self.go:53.2,54.16 2 0
github.com/npikall/gotpm/internal/cmds/self/self.go:55.3,56.1 1 0
github.com/npikall/gotpm/internal/cmds/self/self.go:57.2,57.61 1 0
github.com/npikall/gotpm/internal/cmds/self/self.go:58.3,59.1 1 0
github.com/npikall/gotpm/internal/cmds/self/self.go:60.2,60.34 1 0
github.com/npikall/gotpm/internal/cmds/self/self.go:64.2,65.1 1 1
github.com/npikall/gotpm/internal/cmds/self/self.go:68.2,69.1 1 1
github.com/npikall/gotpm/internal/cmds/self/self.go:72.2,73.1 1 0
github.com/npikall/gotpm/internal/cmds/self/self.go:76.2,77.23 2 1
github.com/npikall/gotpm/internal/cmds/self/self.go:78.3,79.1 1 1
github.com/npikall/gotpm/internal/cmds/self/self.go:80.2,80.21 1 1
github.com/npikall/gotpm/internal/cmds/self/self.go:87.2,87.26 1 1
github.com/npikall/gotpm/internal/cmds/self/self.go:88.3,89.1 1 1
github.com/npikall/gotpm/internal/cmds/self/self.go:90.2,90.25 1 1
github.com/npikall/gotpm/internal/cmds/self/self.go:91.3,92.1 1 1
github.com/npikall/gotpm/internal/cmds/self/self.go:94.2,95.16 2 0
github.com/npikall/gotpm/internal/cmds/self/self.go:96.3,97.1 1 0
github.com/npikall/gotpm/internal/cmds/self/self.go:98.2,98.83 1 0
github.com/npikall/gotpm/internal/cmds/self/self.go:115.2,116.26 2 0
github.com/npikall/gotpm/internal/cmds/self/self.go:117.3,118.1 1 0
github.com/npikall/gotpm/internal/cmds/self/self.go:119.2,119.37 1 0
github.com/npikall/gotpm/internal/cmds/self/self.go:123.2,125.1 2 0
github.com/npikall/gotpm/internal/cmds/self/self.go:128.2,129.1 6 1
github.com/npikall/gotpm/internal/cmds/self/self.go:130.2,134.1 6 1
github.com/npikall/gotpm/internal/cmds/self/self.go:135.2,135.16 6 1
github.com/npikall/gotpm/internal/cmds/self/self.go:136.3,137.1 1 1
github.com/npikall/gotpm/internal/cmds/self/self.go:138.2,138.12 1 1
github.com/npikall/gotpm/internal/cmds/self/self.go:139.3,141.1 2 1
github.com/npikall/gotpm/internal/cmds/self/self.go:142.2,142.37 1 1
github.com/npikall/gotpm/internal/cmds/self/self.go:143.3,145.1 2 1
github.com/npikall/gotpm/internal/cmds/self/self.go:147.2,147.20 1 1
github.com/npikall/gotpm/internal/cmds/self/self.go:148.3,152.1 2 1
github.com/npikall/gotpm/internal/cmds/self/self.go:154.2,158.1 5 1
github.com/npikall/gotpm/internal/cmds/self/self.go:159.2,159.16 5 1
github.com/npikall/gotpm/internal/cmds/self/self.go:160.3,161.1 1 1
github.com/npikall/gotpm/internal/cmds/self/self.go:163.2,166.12 2 1
github.com/npikall/gotpm/internal/cmds/scaffold/scaffold.go:24.2,25.16 2 1
github.com/npikall/gotpm/internal/cmds/scaffold/scaffold.go:26.3,27.1 1 0
github.com/npikall/gotpm/internal/cmds/scaffold/scaffold.go:29.2,29.16 1 1
github.com/npikall/gotpm/internal/cmds/scaffold/scaffold.go:30.3,31.54 2 1
github.com/npikall/gotpm/internal/cmds/scaffold/scaffold.go:32.4,33.1 1 1
github.com/npikall/gotpm/internal/cmds/scaffold/scaffold.go:35.3,36.1 1 1
github.com/npikall/gotpm/internal/cmds/scaffold/scaffold.go:37.2,39.1 4 1
github.com/npikall/gotpm/internal/cmds/scaffold/scaffold.go:40.2,46.1 4 1
github.com/npikall/gotpm/internal/cmds/scaffold/scaffold.go:47.2,47.29 4 1
github.com/npikall/gotpm/internal/cmds/scaffold/scaffold.go:48.3,48.66 1 1
github.com/npikall/gotpm/internal/cmds/scaffold/scaffold.go:49.4,50.1 1 0
github.com/npikall/gotpm/internal/cmds/scaffold/scaffold.go:53.2,54.12 2 1
github.com/npikall/gotpm/internal/cmds/scaffold/scaffold.go:58.2,62.1 1 1
github.com/npikall/gotpm/internal/config/config.go:32.2,33.16 2 1
github.com/npikall/gotpm/internal/config/config.go:34.3,35.1 1 1
github.com/npikall/gotpm/internal/config/config.go:36.2,36.29 1 1
github.com/npikall/gotpm/internal/config/config.go:40.2,41.16 2 1
github.com/npikall/gotpm/internal/config/config.go:42.3,43.1 1 0
github.com/npikall/gotpm/internal/config/config.go:44.2,45.12 2 1
github.com/npikall/gotpm/internal/config/config.go:49.2,50.16 2 1
github.com/npikall/gotpm/internal/config/config.go:51.3,52.1 1 1
github.com/npikall/gotpm/internal/config/config.go:53.2,53.50 1 1
github.com/npikall/gotpm/internal/config/config.go:59.2,62.1 3 1
github.com/npikall/gotpm/internal/config/config.go:70.2,71.30 2 1
github.com/npikall/gotpm/internal/config/config.go:72.3,74.19 3 1
github.com/npikall/gotpm/internal/config/config.go:75.4,76.1 1 1
github.com/npikall/gotpm/internal/config/config.go:77.3,78.34 2 1
github.com/npikall/gotpm/internal/config/config.go:79.4,80.12 2 1
github.com/npikall/gotpm/internal/config/config.go:82.3,82.78 1 1
github.com/npikall/gotpm/internal/config/config.go:87.2,88.16 2 1
github.com/npikall/gotpm/internal/config/config.go:89.3,90.1 1 0
github.com/npikall/gotpm/internal/config/config.go:91.2,91.62 1 1
github.com/npikall/gotpm/internal/config/config.go:95.2,96.16 2 1
github.com/npikall/gotpm/internal/config/config.go:97.3,98.1 1 0
github.com/npikall/gotpm/internal/config/config.go:99.2,101.17 3 1
github.com/npikall/gotpm/internal/config/config.go:105.2,106.16 2 1
github.com/npikall/gotpm/internal/config/config.go:107.3,108.1 1 0
github.com/npikall/gotpm/internal/config/config.go:109.2,109.63 1 1
github.com/npikall/gotpm/internal/config/config.go:110.3,111.1 1 0
github.com/npikall/gotpm/internal/config/config.go:112.2,113.16 2 1
github.com/npikall/gotpm/internal/config/config.go:114.3,115.1 1 0
github.com/npikall/gotpm/internal/config/config.go:116.2,117.1 2 1
github.com/npikall/gotpm/internal/config/config.go:118.2,118.39 2 1
github.com/npikall/gotpm/internal/config/config.go:122.2,124.1 3 1
github.com/npikall/gotpm/internal/config/config.go:125.2,125.29 3 1
github.com/npikall/gotpm/internal/config/config.go:126.3,126.33 1 1
github.com/npikall/gotpm/internal/config/config.go:127.4,128.1 1 1
github.com/npikall/gotpm/internal/config/config.go:129.3,131.31 3 1
github.com/npikall/gotpm/internal/config/config.go:132.4,134.19 3 1
github.com/npikall/gotpm/internal/config/config.go:135.5,137.10 3 1
github.com/npikall/gotpm/internal/config/config.go:140.3,140.13 1 1
github.com/npikall/gotpm/internal/config/config.go:141.4,142.1 1 1
github.com/npikall/gotpm/internal/config/config.go:144.2,144.15 1 1
github.com/npikall/gotpm/internal/config/config.go:148.2,148.22 1 1
github.com/npikall/gotpm/internal/config/config.go:150.3,150.25 1 1
github.com/npikall/gotpm/internal/config/config.go:152.3,153.17 2 1
github.com/npikall/gotpm/internal/config/config.go:154.4,155.1 1 1
github.com/npikall/gotpm/internal/config/config.go:156.3,156.19 1 1
github.com/npikall/gotpm/internal/config/config.go:158.3,159.17 2 1
github.com/npikall/gotpm/internal/config/config.go:160.4,161.1 1 1
github.com/npikall/gotpm/internal/config/config.go:162.3,162.18 1 1
github.com/npikall/gotpm/internal/config/config.go:164.3,164.65 1 1
github.com/npikall/gotpm/internal/config/config.go:166.2,166.12 1 1
github.com/npikall/gotpm/internal/cmds/update/logevent.go:12.2,12.17 1 1
github.com/npikall/gotpm/internal/cmds/update/logevent.go:14.3,14.33 1 1
github.com/npikall/gotpm/internal/cmds/update/logevent.go:16.3,16.32 1 1
github.com/npikall/gotpm/internal/cmds/update/logevent.go:18.3,18.33 1 0
github.com/npikall/gotpm/internal/cmds/update/update.go:51.2,52.1 2 1
github.com/npikall/gotpm/internal/cmds/update/update.go:53.2,53.20 2 1
github.com/npikall/gotpm/internal/cmds/update/update.go:54.3,55.17 2 0
github.com/npikall/gotpm/internal/cmds/update/update.go:56.4,57.1 1 0
github.com/npikall/gotpm/internal/cmds/update/update.go:58.3,59.71 2 0
github.com/npikall/gotpm/internal/cmds/update/update.go:62.2,62.22 1 1
github.com/npikall/gotpm/internal/cmds/update/update.go:63.3,64.1 1 1
github.com/npikall/gotpm/internal/cmds/update/update.go:66.2,67.16 2 1
github.com/npikall/gotpm/internal/cmds/update/update.go:68.3,69.1 1 1
github.com/npikall/gotpm/internal/cmds/update/update.go:70.2,70.41 1 1
github.com/npikall/gotpm/internal/cmds/update/update.go:71.3,72.1 1 1
github.com/npikall/gotpm/internal/cmds/update/update.go:74.2,74.29 1 1
github.com/npikall/gotpm/internal/cmds/update/update.go:75.3,77.17 3 1
github.com/npikall/gotpm/internal/cmds/update/update.go:78.4,79.12 2 0
github.com/npikall/gotpm/internal/cmds/update/update.go:81.3,81.89 1 1
github.com/npikall/gotpm/internal/cmds/update/update.go:82.4,83.1 1 0
github.com/npikall/gotpm/internal/cmds/update/update.go:85.2,85.12 1 1
github.com/npikall/gotpm/internal/cmds/update/update.go:89.2,90.1 6 1
github.com/npikall/gotpm/internal/cmds/update/update.go:91.2,95.1 6 1
github.com/npikall/gotpm/internal/cmds/update/update.go:96.2,96.31 6 1
github.com/npikall/gotpm/internal/cmds/update/update.go:97.3,98.1 1 1
github.com/npikall/gotpm/internal/cmds/update/update.go:100.2,101.1 3 1
github.com/npikall/gotpm/internal/cmds/update/update.go:102.2,103.36 3 1
github.com/npikall/gotpm/internal/cmds/update/update.go:104.3,105.1 1 1
github.com/npikall/gotpm/internal/cmds/update/update.go:106.2,106.46 1 1
github.com/npikall/gotpm/internal/cmds/update/update.go:110.2,111.1 5 1
github.com/npikall/gotpm/internal/cmds/update/update.go:112.2,114.1 5 1
github.com/npikall/gotpm/internal/cmds/update/update.go:115.2,116.27 5 1
github.com/npikall/gotpm/internal/cmds/update/update.go:117.3,117.16 1 1
github.com/npikall/gotpm/internal/cmds/update/update.go:118.4,119.1 1 1
github.com/npikall/gotpm/internal/cmds/update/update.go:121.2,124.1 5 1
github.com/npikall/gotpm/internal/cmds/update/update.go:125.2,126.31 5 1
github.com/npikall/gotpm/internal/cmds/update/update.go:127.3,128.1 1 1
github.com/npikall/gotpm/internal/cmds/update/update.go:129.2,130.27 2 1
github.com/npikall/gotpm/internal/cmds/update/update.go:131.3,132.1 1 1
github.com/npikall/gotpm/internal/cmds/update/update.go:133.2,133.24 1 1
github.com/npikall/gotpm/internal/cmds/update/update.go:137.2,138.16 2 1
github.com/npikall/gotpm/internal/cmds/update/update.go:139.3,141.1 2 0
github.com/npikall/gotpm/internal/cmds/update/update.go:143.2,144.23 2 1
github.com/npikall/gotpm/internal/cmds/update/update.go:145.3,147.1 2 1
github.com/npikall/gotpm/internal/cmds/update/update.go:149.2,150.70 2 1
github.com/npikall/gotpm/internal/cmds/update/update.go:154.2,154.41 1 1
github.com/npikall/gotpm/internal/cmds/update/update.go:155.3,156.1 1 1
github.com/npikall/gotpm/internal/cmds/update/update.go:157.2,158.31 2 0
github.com/npikall/gotpm/internal/cmds/update/update.go:162.2,163.31 2 1
github.com/npikall/gotpm/internal/cmds/update/update.go:164.3,165.17 2 1
github.com/npikall/gotpm/internal/cmds/update/update.go:166.4,167.1 1 1
github.com/npikall/gotpm/internal/cmds/update/update.go:168.3,168.20 1 1
github.com/npikall/gotpm/internal/cmds/update/update.go:169.4,170.12 2 1
github.com/npikall/gotpm/internal/cmds/update/update.go:172.3,173.17 2 1
github.com/npikall/gotpm/internal/cmds/update/update.go:174.4,175.1 1 0
github.com/npikall/gotpm/internal/cmds/update/update.go:176.3,176.34 1 1
github.com/npikall/gotpm/internal/cmds/update/update.go:178.2,178.19 1 1
github.com/npikall/gotpm/internal/cmds/update/update.go:182.2,183.38 2 1
github.com/npikall/gotpm/internal/cmds/update/update.go:184.3,184.35 1 1
github.com/npikall/gotpm/internal/cmds/update/update.go:185.4,186.1 1 1
github.com/npikall/gotpm/internal/cmds/update/update.go:187.3,187.42 1 1
github.com/npikall/gotpm/internal/cmds/update/update.go:190.2,191.82 2 1
github.com/npikall/gotpm/internal/cmds/update/update.go:192.3,192.17 1 1
github.com/npikall/gotpm/internal/cmds/update/update.go:193.4,194.1 1 0
github.com/npikall/gotpm/internal/cmds/update/update.go:195.3,195.16 1 1
github.com/npikall/gotpm/internal/cmds/update/update.go:196.4,196.39 1 1
github.com/npikall/gotpm/internal/cmds/update/update.go:197.5,198.1 1 1
github.com/npikall/gotpm/internal/cmds/update/update.go:199.4,199.14 1 1
github.com/npikall/gotpm/internal/cmds/update/update.go:201.3,201.54 1 1
github.com/npikall/gotpm/internal/cmds/update/update.go:202.4,203.1 1 1
github.com/npikall/gotpm/internal/cmds/update/update.go:204.3,204.13 1 1
github.com/npikall/gotpm/internal/cmds/update/update.go:206.2,206.16 1 1
github.com/npikall/gotpm/internal/cmds/update/update.go:207.3,208.1 1 0
github.com/npikall/gotpm/internal/cmds/update/update.go:209.2,209.19 1 1
github.com/npikall/gotpm/internal/cmds/update/update.go:213.2,213.22 1 1
github.com/npikall/gotpm/internal/cmds/update/update.go:214.3,215.1 1 1
github.com/npikall/gotpm/internal/cmds/update/update.go:216.2,216.21 1 1
github.com/npikall/gotpm/internal/cmds/update/update.go:217.3,218.1 1 1
github.com/npikall/gotpm/internal/cmds/update/update.go:219.2,219.52 1 0
github.com/npikall/gotpm/internal/cmds/update/update.go:220.3,221.1 1 0
github.com/npikall/gotpm/internal/cmds/update/update.go:222.2,222.12 1 0
github.com/npikall/gotpm/internal/cmds/update/update.go:226.2,227.1 1 1
github.com/npikall/gotpm/internal/cmds/update/update.go:230.2,230.23 1 1
github.com/npikall/gotpm/internal/cmds/update/update.go:231.3,234.1 3 1
github.com/npikall/gotpm/internal/cmds/update/update.go:235.2,235.36 1 1
github.com/npikall/gotpm/internal/cmds/update/update.go:236.3,238.1 2 1
github.com/npikall/gotpm/internal/cmds/update/update.go:239.2,239.41 1 1
github.com/npikall/gotpm/internal/cmds/update/update.go:243.2,244.16 2 1
github.com/npikall/gotpm/internal/cmds/update/update.go:245.3,246.1 1 0
github.com/npikall/gotpm/internal/cmds/update/update.go:247.2,247.47 1 1
github.com/npikall/gotpm/internal/cmds/uninstall/uninstall.go:46.2,47.1 3 1
github.com/npikall/gotpm/internal/cmds/uninstall/uninstall.go:48.2,49.16 3 1
github.com/npikall/gotpm/internal/cmds/uninstall/uninstall.go:50.3,51.1 1 0
github.com/npikall/gotpm/internal/cmds/uninstall/uninstall.go:53.2,53.32 1 1
github.com/npikall/gotpm/internal/cmds/uninstall/uninstall.go:54.3,55.1 1 1
github.com/npikall/gotpm/internal/cmds/uninstall/uninstall.go:57.2,58.16 2 1
github.com/npikall/gotpm/internal/cmds/uninstall/uninstall.go:59.3,60.1 1 1
github.com/npikall/gotpm/internal/cmds/uninstall/uninstall.go:61.2,62.1 2 1
github.com/npikall/gotpm/internal/cmds/uninstall/uninstall.go:63.2,63.31 2 1
github.com/npikall/gotpm/internal/cmds/uninstall/uninstall.go:64.3,65.1 1 1
github.com/npikall/gotpm/internal/cmds/uninstall/uninstall.go:66.2,66.51 1 1
github.com/npikall/gotpm/internal/cmds/uninstall/uninstall.go:70.2,71.1 1 1
github.com/npikall/gotpm/internal/cmds/uninstall/uninstall.go:74.2,75.16 2 1
github.com/npikall/gotpm/internal/cmds/uninstall/uninstall.go:76.3,77.1 1 1
github.com/npikall/gotpm/internal/cmds/uninstall/uninstall.go:78.2,80.1 3 1
github.com/npikall/gotpm/internal/cmds/uninstall/uninstall.go:81.2,81.17 3 1
github.com/npikall/gotpm/internal/cmds/uninstall/uninstall.go:82.3,83.1 1 1
github.com/npikall/gotpm/internal/cmds/uninstall/uninstall.go:84.2,84.17 1 1
github.com/npikall/gotpm/internal/cmds/uninstall/uninstall.go:85.3,87.1 2 1
github.com/npikall/gotpm/internal/cmds/uninstall/uninstall.go:88.2,88.38 1 1
github.com/npikall/gotpm/internal/cmds/uninstall/uninstall.go:89.3,90.1 1 0
github.com/npikall/gotpm/internal/cmds/uninstall/uninstall.go:91.2,92.12 2 1
github.com/npikall/gotpm/internal/cmds/uninstall/uninstall.go:96.2,98.1 3 1
github.com/npikall/gotpm/internal/cmds/uninstall/uninstall.go:99.2,99.41 3 1
github.com/npikall/gotpm/internal/cmds/uninstall/uninstall.go:100.3,101.1 1 1
github.com/npikall/gotpm/internal/cmds/uninstall/uninstall.go:102.2,102.17 1 1
github.com/npikall/gotpm/internal/cmds/uninstall/uninstall.go:103.3,105.1 2 1
github.com/npikall/gotpm/internal/cmds/uninstall/uninstall.go:106.2,106.62 1 1
github.com/npikall/gotpm/internal/cmds/uninstall/uninstall.go:107.3,108.1 1 0
github.com/npikall/gotpm/internal/cmds/uninstall/uninstall.go:109.2,110.12 2 1
github.com/npikall/gotpm/internal/cmds/uninstall/uninstall.go:114.2,114.14 1 1
github.com/npikall/gotpm/internal/cmds/uninstall/uninstall.go:115.3,116.1 1 1
github.com/npikall/gotpm/internal/cmds/uninstall/uninstall.go:118.2,120.1 3 1
github.com/npikall/gotpm/internal/cmds/uninstall/uninstall.go:121.2,121.37 3 1
github.com/npikall/gotpm/internal/cmds/uninstall/uninstall.go:122.3,123.1 1 1
github.com/npikall/gotpm/internal/cmds/uninstall/uninstall.go:125.2,126.17 2 1
github.com/npikall/gotpm/internal/cmds/uninstall/uninstall.go:127.3,129.1 2 1
github.com/npikall/gotpm/internal/cmds/uninstall/uninstall.go:131.2,134.16 3 1
github.com/npikall/gotpm/internal/cmds/uninstall/uninstall.go:135.3,136.1 1 1
github.com/npikall/gotpm/internal/cmds/uninstall/uninstall.go:137.2,137.15 1 1
github.com/npikall/gotpm/internal/cmds/uninstall/uninstall.go:138.3,140.1 2 1
github.com/npikall/gotpm/internal/cmds/uninstall/uninstall.go:142.2,142.58 1 1
github.com/npikall/gotpm/internal/cmds/uninstall/uninstall.go:143.3,144.1 1 0
github.com/npikall/gotpm/internal/cmds/uninstall/uninstall.go:145.2,146.12 2 1
github.com/npikall/gotpm/internal/cmds/uninstall/uninstall.go:150.2,150.14 1 1
github.com/npikall/gotpm/internal/cmds/uninstall/uninstall.go:151.3,152.1 1 1
github.com/npikall/gotpm/internal/cmds/uninstall/uninstall.go:153.2,154.16 2 1
github.com/npikall/gotpm/internal/cmds/uninstall/uninstall.go:155.3,155.23 1 1
github.com/npikall/gotpm/internal/cmds/uninstall/uninstall.go:156.4,157.1 1 1
github.com/npikall/gotpm/internal/cmds/uninstall/uninstall.go:158.3,158.19 1 0
github.com/npikall/gotpm/internal/cmds/uninstall/uninstall.go:160.2,160.43 1 1
github.com/npikall/gotpm/internal/cmds/uninstall/uninstall.go:164.2,165.16 2 1
github.com/npikall/gotpm/internal/cmds/uninstall/uninstall.go:166.3,168.1 2 0
github.com/npikall/gotpm/internal/cmds/uninstall/uninstall.go:169.2,169.32 1 1
github.com/npikall/gotpm/internal/cmds/uninstall/uninstall.go:170.3,170.27 1 1
github.com/npikall/gotpm/internal/cmds/uninstall/uninstall.go:171.4,171.12 1 1
github.com/npikall/gotpm/internal/cmds/uninstall/uninstall.go:173.3,174.33 2 1
github.com/npikall/gotpm/internal/cmds/uninstall/uninstall.go:175.4,176.1 1 1
github.com/npikall/gotpm/internal/cmds/uninstall/uninstall.go:177.3,177.36 1 1
github.com/npikall/gotpm/internal/cmds/uninstall/uninstall.go:179.2,179.13 1 0
github.com/npikall/gotpm/internal/cmds/uninstall/uninstall.go:183.2,184.1 1 1
github.com/npikall/gotpm/internal/cmds/uninstall/uninstall.go:187.2,187.16 1 1
github.com/npikall/gotpm/internal/cmds/uninstall/uninstall.go:188.3,188.38 1 1
github.com/npikall/gotpm/internal/cmds/uninstall/uninstall.go:189.4,190.1 1 1
github.com/npikall/gotpm/internal/cmds/uninstall/uninstall.go:191.3,191.33 1 1
github.com/npikall/gotpm/internal/cmds/uninstall/uninstall.go:193.2,194.16 2 1
github.com/npikall/gotpm/internal/cmds/uninstall/uninstall.go:195.3,196.1 1 0
github.com/npikall/gotpm/internal/cmds/uninstall/uninstall.go:197.2,197.9 1 1
github.com/npikall/gotpm/internal/cmds/uninstall/uninstall.go:199.3,199.43 1 1
github.com/npikall/gotpm/internal/cmds/uninstall/uninstall.go:201.3,201.33 1 1
github.com/npikall/gotpm/internal/cmds/uninstall/uninstall.go:203.3,203.48 1 1
github.com/npikall/gotpm/internal/gitcli/gitcli.go:21.2,25.34 5 1
github.com/npikall/gotpm/internal/gitcli/gitcli.go:26.3,27.1 1 1
github.com/npikall/gotpm/internal/gitcli/gitcli.go:28.2,28.12 1 1
github.com/npikall/gotpm/internal/gitcli/gitcli.go:35.2,41.34 5 0
github.com/npikall/gotpm/internal/gitcli/gitcli.go:42.3,43.1 1 0
github.com/npikall/gotpm/internal/gitcli/gitcli.go:44.2,44.12 1 0
github.com/npikall/gotpm/internal/gitcli/gitcli.go:50.2,51.1 1 0
github.com/npikall/gotpm/internal/gitcli/gitcli.go:56.2,57.1 1 0
github.com/npikall/gotpm/internal/gitcli/gitcli.go:61.2,62.1 1 0
github.com/npikall/gotpm/internal/gitcli/gitcli.go:67.2,68.1 1 0
github.com/npikall/gotpm/internal/gitcli/gitcli.go:74.2,78.1 4 1
github.com/npikall/gotpm/internal/gitcli/gitcli.go:83.2,84.1 1 0
github.com/npikall/gotpm/internal/gitcli/gitcli.go:88.2,88.81 1 0
github.com/npikall/gotpm/internal/gitcli/gitcli.go:89.3,90.1 1 0
github.com/npikall/gotpm/internal/gitcli/gitcli.go:91.2,91.76 1 0
github.com/npikall/gotpm/internal/gitcli/gitcli.go:97.2,99.1 2 0
github.com/npikall/gotpm/internal/gitcli/gitcli.go:103.2,104.1 1 0
github.com/npikall/gotpm/internal/gitcli/gitcli.go:109.2,110.1 1 0
github.com/npikall/gotpm/internal/gitcli/gitcli.go:115.2,116.1 1 0
github.com/npikall/gotpm/internal/gitcli/gitcli.go:121.2,122.1 1 0
github.com/npikall/gotpm/internal/gitcli/gitcli.go:126.2,127.1 1 0
github.com/npikall/gotpm/internal/gitcli/gitcli.go:132.2,133.1 1 0
github.com/npikall/gotpm/internal/gitcli/gitcli.go:137.2,138.1 1 0
github.com/npikall/gotpm/internal/index/cache.go:27.2,28.1 1 1
github.com/npikall/gotpm/internal/index/cache.go:32.2,33.16 2 1
github.com/npikall/gotpm/internal/index/cache.go:34.3,35.1 1 0
github.com/npikall/gotpm/internal/index/cache.go:36.2,36.48 1 1
github.com/npikall/gotpm/internal/index/cache.go:41.2,42.16 2 1
github.com/npikall/gotpm/internal/index/cache.go:43.3,44.1 1 0
github.com/npikall/gotpm/internal/index/cache.go:45.2,46.24 2 1
github.com/npikall/gotpm/internal/index/cache.go:47.3,48.1 1 1
github.com/npikall/gotpm/internal/index/cache.go:49.2,49.16 1 1
github.com/npikall/gotpm/internal/index/cache.go:50.3,51.1 1 0
github.com/npikall/gotpm/internal/index/cache.go:52.2,53.53 2 1
github.com/npikall/gotpm/internal/index/cache.go:54.3,55.1 1 1
github.com/npikall/gotpm/internal/index/cache.go:56.2,56.20 1 1
github.com/npikall/gotpm/internal/index/cache.go:61.2,62.16 2 1
github.com/npikall/gotpm/internal/index/cache.go:63.3,64.1 1 0
github.com/npikall/gotpm/internal/index/cache.go:65.2,65.60 1 1
github.com/npikall/gotpm/internal/index/cache.go:66.3,67.1 1 0
github.com/npikall/gotpm/internal/index/cache.go:68.2,69.16 2 1
github.com/npikall/gotpm/internal/index/cache.go:70.3,71.1 1 0
github.com/npikall/gotpm/internal/index/cache.go:72.2,72.36 1 1
github.com/npikall/gotpm/internal/index/cache.go:77.2,78.16 2 1
github.com/npikall/gotpm/internal/index/cache.go:79.3,80.1 1 0
github.com/npikall/gotpm/internal/index/cache.go:81.2,81.63 1 1
github.com/npikall/gotpm/internal/index/cache.go:82.3,83.1 1 0
github.com/npikall/gotpm/internal/index/cache.go:84.2,84.12 1 1
github.com/npikall/gotpm/internal/index/index.go:36.2,38.1 2 1
github.com/npikall/gotpm/internal/index/index.go:62.2,62.18 1 1
github.com/npikall/gotpm/internal/index/index.go:63.3,64.1 1 1
github.com/npikall/gotpm/internal/index/index.go:65.2,65.62 1 1
github.com/npikall/gotpm/internal/index/index.go:66.3,67.1 1 1
github.com/npikall/gotpm/internal/index/index.go:68.2,69.16 2 1
github.com/npikall/gotpm/internal/index/index.go:70.3,71.1 1 1
github.com/npikall/gotpm/internal/index/index.go:72.2,73.17 2 1
github.com/npikall/gotpm/internal/index/index.go:77.2,78.16 2 1
github.com/npikall/gotpm/internal/index/index.go:79.3,80.1 1 1
github.com/npikall/gotpm/internal/index/index.go:81.2,81.28 1 1
github.com/npikall/gotpm/internal/index/index.go:86.2,87.1 1 1
github.com/npikall/gotpm/internal/index/index.go:91.2,92.57 2 1
github.com/npikall/gotpm/internal/index/index.go:93.3,94.1 1 1
github.com/npikall/gotpm/internal/index/index.go:95.2,95.21 1 1
github.com/npikall/gotpm/internal/index/index.go:100.2,101.32 2 1
github.com/npikall/gotpm/internal/index/index.go:102.3,103.14 2 1
github.com/npikall/gotpm/internal/index/index.go:104.4,105.12 2 1
github.com/npikall/gotpm/internal/index/index.go:107.3,108.17 2 1
github.com/npikall/gotpm/internal/index/index.go:109.4,109.12 1 0
github.com/npikall/gotpm/internal/index/index.go:111.3,112.17 2 1
github.com/npikall/gotpm/internal/index/index.go:113.4,113.12 1 1
github.com/npikall/gotpm/internal/index/index.go:115.3,115.35 1 1
github.com/npikall/gotpm/internal/index/index.go:116.4,117.1 1 1
github.com/npikall/gotpm/internal/index/index.go:119.2,119.12 1 1
github.com/npikall/gotpm/internal/index/index.go:125.2,126.16 2 0
github.com/npikall/gotpm/internal/index/index.go:127.3,128.1 1 0
github.com/npikall/gotpm/internal/index/index.go:129.2,130.16 2 0
github.com/npikall/gotpm/internal/index/index.go:131.3,132.1 1 0
github.com/npikall/gotpm/internal/index/index.go:133.2,134.16 2 0
github.com/npikall/gotpm/internal/index/index.go:135.3,136.1 1 0
github.com/npikall/gotpm/internal/index/index.go:137.2,137.20 1 0
github.com/npikall/gotpm/internal/index/index.go:142.2,143.61 2 1
github.com/npikall/gotpm/internal/index/index.go:144.3,145.1 1 1
github.com/npikall/gotpm/internal/index/index.go:146.2,146.22 1 1
github.com/npikall/gotpm/internal/index/index.go:151.2,152.35 2 1
github.com/npikall/gotpm/internal/index/index.go:153.3,154.17 2 1
github.com/npikall/gotpm/internal/index/index.go:155.4,156.1 1 1
github.com/npikall/gotpm/internal/index/index.go:157.3,157.37 1 1
github.com/npikall/gotpm/internal/index/index.go:158.4,159.1 1 1
github.com/npikall/gotpm/internal/index/index.go:161.2,161.32 1 1
github.com/npikall/gotpm/internal/index/index.go:165.2,167.16 3 1
github.com/npikall/gotpm/internal/index/index.go:168.3,169.1 1 0
github.com/npikall/gotpm/internal/index/index.go:171.2,172.16 2 1
github.com/npikall/gotpm/internal/index/index.go:173.3,174.1 1 0
github.com/npikall/gotpm/internal/index/index.go:175.2,176.1 2 1
github.com/npikall/gotpm/internal/index/index.go:177.2,177.46 2 1
github.com/npikall/gotpm/internal/index/index.go:178.3,179.1 1 1
github.com/npikall/gotpm/internal/index/index.go:181.2,181.66 1 1
github.com/npikall/gotpm/internal/index/index.go:182.3,183.1 1 0
github.com/npikall/gotpm/internal/index/index.go:184.2,184.12 1 1
github.com/npikall/gotpm/internal/logger/logger.go:11.2,13.9 3 1
github.com/npikall/gotpm/internal/logger/logger.go:15.3,15.34 1 1
github.com/npikall/gotpm/internal/logger/logger.go:17.3,17.33 1 1
github.com/npikall/gotpm/internal/logger/logger.go:19.3,19.33 1 1
github.com/npikall/gotpm/internal/logger/logger.go:21.2,21.15 1 1
github.com/npikall/gotpm/internal/lockfile/lockfile.go:69.2,70.1 1 1
github.com/npikall/gotpm/internal/lockfile/lockfile.go:75.2,76.1 1 1
github.com/npikall/gotpm/internal/lockfile/lockfile.go:81.2,83.36 3 1
github.com/npikall/gotpm/internal/lockfile/lockfile.go:84.3,85.1 1 1
github.com/npikall/gotpm/internal/lockfile/lockfile.go:86.2,86.16 1 1
github.com/npikall/gotpm/internal/lockfile/lockfile.go:87.3,88.1 1 0
github.com/npikall/gotpm/internal/lockfile/lockfile.go:90.2,91.52 2 1
github.com/npikall/gotpm/internal/lockfile/lockfile.go:92.3,93.1 1 1
github.com/npikall/gotpm/internal/lockfile/lockfile.go:94.2,94.34 1 1
github.com/npikall/gotpm/internal/lockfile/lockfile.go:95.3,97.1 1 1
github.com/npikall/gotpm/internal/lockfile/lockfile.go:98.2,98.26 1 1
github.com/npikall/gotpm/internal/lockfile/lockfile.go:99.3,100.1 1 0
github.com/npikall/gotpm/internal/lockfile/lockfile.go:101.2,101.19 1 1
github.com/npikall/gotpm/internal/lockfile/lockfile.go:107.2,109.1 4 1
github.com/npikall/gotpm/internal/lockfile/lockfile.go:110.2,111.16 4 1
github.com/npikall/gotpm/internal/lockfile/lockfile.go:112.3,113.1 1 0
github.com/npikall/gotpm/internal/lockfile/lockfile.go:114.2,114.62 1 1
github.com/npikall/gotpm/internal/lockfile/lockfile.go:119.2,120.11 2 1
github.com/npikall/gotpm/internal/lockfile/lockfile.go:121.3,122.1 1 0
github.com/npikall/gotpm/internal/lockfile/lockfile.go:123.2,123.28 1 1
github.com/npikall/gotpm/internal/lockfile/lockfile.go:128.2,129.35 2 1
github.com/npikall/gotpm/internal/lockfile/lockfile.go:130.3,130.19 1 1
github.com/npikall/gotpm/internal/lockfile/lockfile.go:131.4,132.1 1 1
github.com/npikall/gotpm/internal/lockfile/lockfile.go:134.2,135.15 2 1
github.com/npikall/gotpm/internal/lockfile/lockfile.go:141.2,142.11 2 1
github.com/npikall/gotpm/internal/lockfile/lockfile.go:143.3,147.1 4 1
github.com/npikall/gotpm/internal/lockfile/lockfile.go:149.2,152.19 4 1
github.com/npikall/gotpm/internal/lockfile/lockfile.go:159.2,160.36 2 1
github.com/npikall/gotpm/internal/lockfile/lockfile.go:161.3,162.1 1 1
github.com/npikall/gotpm/internal/lockfile/lockfile.go:163.2,163.28 1 1
github.com/npikall/gotpm/internal/lockfile/lockfile.go:164.3,165.1 1 1
github.com/npikall/gotpm/internal/lockfile/lockfile.go:167.2,168.1 4 1
github.com/npikall/gotpm/internal/lockfile/lockfile.go:169.2,171.35 4 1
github.com/npikall/gotpm/internal/lockfile/lockfile.go:172.3,172.30 1 1
github.com/npikall/gotpm/internal/lockfile/lockfile.go:173.4,174.12 2 1
github.com/npikall/gotpm/internal/lockfile/lockfile.go:176.3,176.35 1 1
github.com/npikall/gotpm/internal/lockfile/lockfile.go:179.2,180.1 4 1
github.com/npikall/gotpm/internal/lockfile/lockfile.go:181.2,183.16 4 1
github.com/npikall/gotpm/internal/lockfile/lockfile.go:187.2,187.25 1 1
github.com/npikall/gotpm/internal/lockfile/lockfile.go:188.3,188.90 1 1
github.com/npikall/gotpm/internal/lockfile/lockfile.go:189.4,190.1 1 1
github.com/npikall/gotpm/internal/lockfile/lockfile.go:195.2,196.35 2 1
github.com/npikall/gotpm/internal/lockfile/lockfile.go:197.3,197.26 1 1
github.com/npikall/gotpm/internal/lockfile/lockfile.go:198.4,199.1 1 1
github.com/npikall/gotpm/internal/lockfile/lockfile.go:202.2,202.32 1 1
github.com/npikall/gotpm/internal/lockfile/lockfile.go:203.3,204.36 2 1
github.com/npikall/gotpm/internal/lockfile/lockfile.go:205.4,205.31 1 1
github.com/npikall/gotpm/internal/lockfile/lockfile.go:206.5,206.13 1 1
github.com/npikall/gotpm/internal/lockfile/lockfile.go:208.4,208.47 1 1
github.com/npikall/gotpm/internal/lockfile/lockfile.go:209.5,209.29 1 1
github.com/npikall/gotpm/internal/lockfile/lockfile.go:210.6,212.11 3 1
github.com/npikall/gotpm/internal/lockfile/lockfile.go:217.2,217.18 1 1
github.com/npikall/gotpm/internal/lockfile/lockfile.go:221.2,221.57 1 1
github.com/npikall/gotpm/internal/lockfile/lockfile.go:221.59,221.83 1 1
github.com/npikall/gotpm/internal/lockfile/lockfile.go:225.2,226.1 1 1
github.com/npikall/gotpm/internal/lockfile/lockfile.go:229.2,229.9 1 1
github.com/npikall/gotpm/internal/lockfile/lockfile.go:231.3,231.12 1 1
github.com/npikall/gotpm/internal/lockfile/lockfile.go:233.3,233.11 1 1
github.com/npikall/gotpm/internal/lockfile/lockfile.go:235.3,235.11 1 0
github.com/npikall/gotpm/internal/lockfile/lockfile.go:240.2,240.23 1 1
github.com/npikall/gotpm/internal/lockfile/lockfile.go:241.3,242.1 1 1
github.com/npikall/gotpm/internal/lockfile/lockfile.go:243.2,245.31 3 1
github.com/npikall/gotpm/internal/manifest/dependencies.go:35.2,36.1 1 1
github.com/npikall/gotpm/internal/manifest/dependencies.go:42.2,44.27 3 1
github.com/npikall/gotpm/internal/manifest/dependencies.go:45.3,46.17 2 1
github.com/npikall/gotpm/internal/manifest/dependencies.go:47.4,48.12 2 1
github.com/npikall/gotpm/internal/manifest/dependencies.go:50.3,50.33 1 1
github.com/npikall/gotpm/internal/manifest/dependencies.go:51.4,53.12 2 1
github.com/npikall/gotpm/internal/manifest/dependencies.go:55.3,55.27 1 1
github.com/npikall/gotpm/internal/manifest/dependencies.go:57.2,57.19 1 1
github.com/npikall/gotpm/internal/manifest/dependencies.go:58.3,59.1 1 1
github.com/npikall/gotpm/internal/manifest/dependencies.go:60.2,60.18 1 1
github.com/npikall/gotpm/internal/manifest/dependencies.go:67.2,68.16 2 1
github.com/npikall/gotpm/internal/manifest/dependencies.go:69.3,70.1 1 0
github.com/npikall/gotpm/internal/manifest/dependencies.go:72.2,73.47 2 1
github.com/npikall/gotpm/internal/manifest/dependencies.go:74.3,75.1 1 1
github.com/npikall/gotpm/internal/manifest/dependencies.go:76.2,79.1 5 1
github.com/npikall/gotpm/internal/manifest/dependencies.go:80.2,81.16 5 1
github.com/npikall/gotpm/internal/manifest/dependencies.go:82.3,83.1 1 1
github.com/npikall/gotpm/internal/manifest/dependencies.go:85.2,86.27 2 1
github.com/npikall/gotpm/internal/manifest/dependencies.go:87.3,88.1 1 1
github.com/npikall/gotpm/internal/manifest/dependencies.go:89.2,89.43 1 1
github.com/npikall/gotpm/internal/manifest/dependencies.go:93.2,94.16 2 1
github.com/npikall/gotpm/internal/manifest/dependencies.go:95.3,95.56 1 1
github.com/npikall/gotpm/internal/manifest/dependencies.go:96.4,97.1 1 1
github.com/npikall/gotpm/internal/manifest/dependencies.go:98.3,98.21 1 1
github.com/npikall/gotpm/internal/manifest/dependencies.go:99.4,100.1 1 1
github.com/npikall/gotpm/internal/manifest/dependencies.go:101.3,101.41 1 1
github.com/npikall/gotpm/internal/manifest/dependencies.go:104.2,106.1 3 1
github.com/npikall/gotpm/internal/manifest/dependencies.go:107.2,107.9 3 1
github.com/npikall/gotpm/internal/manifest/dependencies.go:109.3,109.20 1 0
github.com/npikall/gotpm/internal/manifest/dependencies.go:111.3,111.67 1 1
github.com/npikall/gotpm/internal/manifest/dependencies.go:113.3,113.59 1 1
github.com/npikall/gotpm/internal/manifest/dependencies.go:115.3,115.62 1 1
github.com/npikall/gotpm/internal/manifest/dependencies.go:120.2,121.14 2 1
github.com/npikall/gotpm/internal/manifest/dependencies.go:122.3,123.1 1 1
github.com/npikall/gotpm/internal/manifest/dependencies.go:124.2,124.61 1 1
github.com/npikall/gotpm/internal/manifest/dependencies.go:125.3,125.87 1 1
github.com/npikall/gotpm/internal/manifest/dependencies.go:126.4,127.1 1 1
github.com/npikall/gotpm/internal/manifest/dependencies.go:129.2,129.12 1 0
github.com/npikall/gotpm/internal/manifest/dependencies.go:133.2,134.63 2 1
github.com/npikall/gotpm/internal/manifest/dependencies.go:135.3,136.1 1 0
github.com/npikall/gotpm/internal/manifest/dependencies.go:137.2,137.18 1 1
github.com/npikall/gotpm/internal/manifest/dependencies.go:138.3,139.1 1 1
github.com/npikall/gotpm/internal/manifest/dependencies.go:140.2,141.42 2 1
github.com/npikall/gotpm/internal/manifest/dependencies.go:145.2,148.1 4 1
github.com/npikall/gotpm/internal/manifest/dependencies.go:149.2,149.28 4 1
github.com/npikall/gotpm/internal/manifest/dependencies.go:150.3,150.36 1 1
github.com/npikall/gotpm/internal/manifest/dependencies.go:151.4,152.1 1 1
github.com/npikall/gotpm/internal/manifest/dependencies.go:155.2,156.56 2 1
github.com/npikall/gotpm/internal/manifest/dependencies.go:157.3,158.1 1 1
github.com/npikall/gotpm/internal/manifest/dependencies.go:159.2,159.38 1 1
github.com/npikall/gotpm/internal/manifest/dependencies.go:163.2,165.27 3 1
github.com/npikall/gotpm/internal/manifest/dependencies.go:166.3,167.1 1 1
github.com/npikall/gotpm/internal/manifest/dependencies.go:168.2,168.25 1 1
github.com/npikall/gotpm/internal/manifest/dependencies.go:172.2,172.29 1 1
github.com/npikall/gotpm/internal/manifest/dependencies.go:173.3,174.75 2 1
github.com/npikall/gotpm/internal/manifest/dependencies.go:175.4,175.12 1 1
github.com/npikall/gotpm/internal/manifest/dependencies.go:177.3,178.21 2 1
github.com/npikall/gotpm/internal/manifest/dependencies.go:179.4,179.31 1 1
github.com/npikall/gotpm/internal/manifest/dependencies.go:180.5,181.1 1 1
github.com/npikall/gotpm/internal/manifest/dependencies.go:182.4,182.43 1 1
github.com/npikall/gotpm/internal/manifest/dependencies.go:185.2,185.20 1 1
github.com/npikall/gotpm/internal/manifest/dependencies.go:189.2,189.29 1 1
github.com/npikall/gotpm/internal/manifest/dependencies.go:190.3,190.66 1 1
github.com/npikall/gotpm/internal/manifest/dependencies.go:191.4,192.1 1 1
github.com/npikall/gotpm/internal/manifest/dependencies.go:194.2,194.11 1 1
github.com/npikall/gotpm/internal/manifest/dependencies.go:198.2,198.43 1 1
github.com/npikall/gotpm/internal/manifest/dependencies.go:199.3,199.39 1 1
github.com/npikall/gotpm/internal/manifest/dependencies.go:200.4,201.1 1 1
github.com/npikall/gotpm/internal/manifest/dependencies.go:203.2,203.19 1 1
github.com/npikall/gotpm/internal/manifest/dependencies.go:207.2,208.74 2 1
github.com/npikall/gotpm/internal/manifest/dependencies.go:209.3,210.1 1 1
github.com/npikall/gotpm/internal/manifest/dependencies.go:211.2,213.17 3 1
github.com/npikall/gotpm/internal/manifest/dependencies.go:214.3,215.1 1 0
github.com/npikall/gotpm/internal/manifest/dependencies.go:217.2,218.29 2 1
github.com/npikall/gotpm/internal/manifest/dependencies.go:219.3,221.17 3 1
github.com/npikall/gotpm/internal/manifest/dependencies.go:222.4,223.1 1 0
github.com/npikall/gotpm/internal/manifest/dependencies.go:224.3,224.18 1 1
github.com/npikall/gotpm/internal/manifest/dependencies.go:226.2,226.20 1 1
github.com/npikall/gotpm/internal/manifest/dependencies.go:230.2,230.33 1 1
github.com/npikall/gotpm/internal/manifest/dependencies.go:231.3,231.18 1 1
github.com/npikall/gotpm/internal/manifest/dependencies.go:233.4,233.27 1 1
github.com/npikall/gotpm/internal/manifest/dependencies.go:235.4,235.16 1 0
github.com/npikall/gotpm/internal/manifest/dependencies.go:237.4,237.11 1 1
github.com/npikall/gotpm/internal/manifest/dependencies.go:239.4,239.11 1 1
github.com/npikall/gotpm/internal/manifest/dependencies.go:242.2,242.14 1 1
github.com/npikall/gotpm/internal/manifest/dependencies.go:246.2,247.30 2 1
github.com/npikall/gotpm/internal/manifest/dependencies.go:248.3,248.10 1 1
github.com/npikall/gotpm/internal/manifest/dependencies.go:250.4,250.7 1 0
github.com/npikall/gotpm/internal/manifest/dependencies.go:252.4,252.12 1 1
github.com/npikall/gotpm/internal/manifest/dependencies.go:255.2,255.10 1 0
github.com/npikall/gotpm/internal/manifest/dependencies.go:259.2,260.1 1 1
github.com/npikall/gotpm/internal/manifest/dependencies.go:263.2,267.1 4 1
github.com/npikall/gotpm/internal/manifest/manifest.go:75.2,76.16 2 1
github.com/npikall/gotpm/internal/manifest/manifest.go:77.3,78.1 1 0
github.com/npikall/gotpm/internal/manifest/manifest.go:80.2,80.6 1 1
github.com/npikall/gotpm/internal/manifest/manifest.go:81.3,82.53 2 1
github.com/npikall/gotpm/internal/manifest/manifest.go:83.4,84.1 1 1
github.com/npikall/gotpm/internal/manifest/manifest.go:86.3,87.30 2 1
github.com/npikall/gotpm/internal/manifest/manifest.go:88.4,89.1 1 1
github.com/npikall/gotpm/internal/manifest/manifest.go:90.3,90.25 1 1
github.com/npikall/gotpm/internal/manifest/manifest.go:97.2,98.16 2 0
github.com/npikall/gotpm/internal/manifest/manifest.go:99.3,100.1 1 0
github.com/npikall/gotpm/internal/manifest/manifest.go:101.2,101.22 1 0
github.com/npikall/gotpm/internal/manifest/manifest.go:107.2,108.16 2 1
github.com/npikall/gotpm/internal/manifest/manifest.go:109.3,110.1 1 1
github.com/npikall/gotpm/internal/manifest/manifest.go:111.2,111.23 1 1
github.com/npikall/gotpm/internal/manifest/manifest.go:115.2,116.1 3 1
github.com/npikall/gotpm/internal/manifest/manifest.go:117.2,118.16 3 1
github.com/npikall/gotpm/internal/manifest/manifest.go:119.3,120.1 1 0
github.com/npikall/gotpm/internal/manifest/manifest.go:122.2,122.55 1 1
github.com/npikall/gotpm/internal/manifest/manifest.go:123.3,124.1 1 1
github.com/npikall/gotpm/internal/manifest/manifest.go:126.2,126.51 1 1
github.com/npikall/gotpm/internal/manifest/manifest.go:127.3,128.1 1 1
github.com/npikall/gotpm/internal/manifest/manifest.go:129.2,129.22 1 1
github.com/npikall/gotpm/internal/manifest/manifest.go:133.2,134.16 2 1
github.com/npikall/gotpm/internal/manifest/manifest.go:135.3,136.1 1 1
github.com/npikall/gotpm/internal/manifest/manifest.go:138.2,139.75 2 1
github.com/npikall/gotpm/internal/manifest/manifest.go:140.3,141.1 1 1
github.com/npikall/gotpm/internal/manifest/manifest.go:143.2,143.59 1 1
github.com/npikall/gotpm/internal/manifest/manifest.go:144.3,145.1 1 0
github.com/npikall/gotpm/internal/manifest/manifest.go:146.2,146.12 1 1
github.com/npikall/gotpm/internal/manifest/manifest.go:150.2,151.49 2 1
github.com/npikall/gotpm/internal/manifest/manifest.go:152.3,153.1 1 0
github.com/npikall/gotpm/internal/manifest/manifest.go:154.2,155.9 2 1
github.com/npikall/gotpm/internal/manifest/manifest.go:156.3,157.1 1 1
github.com/npikall/gotpm/internal/manifest/manifest.go:158.2,161.1 5 1
github.com/npikall/gotpm/internal/manifest/manifest.go:162.2,163.13 5 1
github.com/npikall/gotpm/internal/manifest/manifest.go:164.3,165.1 1 1
github.com/npikall/gotpm/internal/manifest/manifest.go:166.2,166.42 1 1
github.com/npikall/gotpm/internal/manifest/manifest.go:167.3,168.1 1 0
github.com/npikall/gotpm/internal/manifest/manifest.go:169.2,169.12 1 1
github.com/npikall/gotpm/internal/manifest/manifest.go:173.2,174.26 2 1
github.com/npikall/gotpm/internal/manifest/manifest.go:175.3,176.1 1 1
github.com/npikall/gotpm/internal/manifest/manifest.go:177.2,177.29 1 1
github.com/npikall/gotpm/internal/manifest/manifest.go:178.3,179.1 1 1
github.com/npikall/gotpm/internal/manifest/manifest.go:180.2,180.32 1 1
github.com/npikall/gotpm/internal/manifest/manifest.go:181.3,182.1 1 1
github.com/npikall/gotpm/internal/manifest/manifest.go:183.2,183.19 1 1
github.com/npikall/gotpm/internal/manifest/manifest.go:184.3,185.1 1 1
github.com/npikall/gotpm/internal/manifest/manifest.go:186.2,186.12 1 1
github.com/npikall/gotpm/internal/paths/app.go:5.2,6.1 1 0
github.com/npikall/gotpm/internal/paths/app.go:10.2,11.1 1 0
github.com/npikall/gotpm/internal/paths/darwin.go:11.2,12.16 2 1
github.com/npikall/gotpm/internal/paths/darwin.go:13.3,14.1 1 0
github.com/npikall/gotpm/internal/paths/darwin.go:15.2,15.67 1 1
github.com/npikall/gotpm/internal/paths/fs.go:18.2,18.51 1 1
github.com/npikall/gotpm/internal/paths/fs.go:19.3,20.1 1 0
github.com/npikall/gotpm/internal/paths/fs.go:21.2,21.12 1 1
github.com/npikall/gotpm/internal/paths/fs.go:26.2,27.16 2 1
github.com/npikall/gotpm/internal/paths/fs.go:28.3,29.1 1 1
github.com/npikall/gotpm/internal/paths/fs.go:30.2,30.21 1 1
github.com/npikall/gotpm/internal/paths/fs.go:37.2,38.33 2 1
github.com/npikall/gotpm/internal/paths/fs.go:39.3,39.86 1 1
github.com/npikall/gotpm/internal/paths/fs.go:40.4,43.1 3 1
github.com/npikall/gotpm/internal/paths/fs.go:44.3,44.17 1 1
github.com/npikall/gotpm/internal/paths/fs.go:45.4,46.1 1 1
github.com/npikall/gotpm/internal/paths/fs.go:48.2,48.19 1 1
github.com/npikall/gotpm/internal/paths/fs.go:54.2,54.20 1 1
github.com/npikall/gotpm/internal/paths/fs.go:55.3,56.1 1 1
github.com/npikall/gotpm/internal/paths/fs.go:57.2,57.19 1 1
github.com/npikall/gotpm/internal/paths/fs.go:58.3,59.1 1 1
github.com/npikall/gotpm/internal/paths/fs.go:60.2,61.16 2 1
github.com/npikall/gotpm/internal/paths/fs.go:62.3,63.1 1 0
github.com/npikall/gotpm/internal/paths/fs.go:64.2,64.25 1 1
github.com/npikall/gotpm/internal/paths/fs.go:68.2,68.36 1 1
github.com/npikall/gotpm/internal/paths/fs.go:69.3,70.1 1 1
github.com/npikall/gotpm/internal/paths/fs.go:71.2,71.12 1 1
github.com/npikall/gotpm/internal/paths/fs.go:78.2,79.16 2 1
github.com/npikall/gotpm/internal/paths/fs.go:80.3,81.1 1 1
github.com/npikall/gotpm/internal/paths/fs.go:82.2,82.37 1 1
github.com/npikall/gotpm/internal/paths/fs.go:83.3,83.41 1 1
github.com/npikall/gotpm/internal/paths/fs.go:84.4,85.1 1 0
github.com/npikall/gotpm/internal/paths/fs.go:86.3,86.13 1 1
github.com/npikall/gotpm/internal/paths/fs.go:88.2,88.43 1 1
github.com/npikall/gotpm/internal/paths/fs.go:89.3,90.1 1 0
github.com/npikall/gotpm/internal/paths/fs.go:91.2,91.12 1 1
github.com/npikall/gotpm/internal/paths/fs.go:96.2,96.59 1 1
github.com/npikall/gotpm/internal/paths/fs.go:97.3,98.1 1 0
github.com/npikall/gotpm/internal/paths/fs.go:99.2,99.12 1 1
github.com/npikall/gotpm/internal/paths/linux.go:12.2,12.50 1 1
github.com/npikall/gotpm/internal/paths/linux.go:13.3,14.1 1 1
github.com/npikall/gotpm/internal/paths/linux.go:15.2,16.16 2 1
github.com/npikall/gotpm/internal/paths/linux.go:17.3,18.1 1 0
github.com/npikall/gotpm/internal/paths/linux.go:19.2,19.52 1 1
github.com/npikall/gotpm/internal/paths/paths.go:22.2,22.22 1 1
github.com/npikall/gotpm/internal/paths/paths.go:24.3,24.24 1 0
github.com/npikall/gotpm/internal/paths/paths.go:26.3,26.25 1 1
github.com/npikall/gotpm/internal/paths/paths.go:28.3,28.26 1 0
github.com/npikall/gotpm/internal/paths/paths.go:30.3,30.88 1 0
github.com/npikall/gotpm/internal/paths/paths.go:36.2,37.16 2 0
github.com/npikall/gotpm/internal/paths/paths.go:38.3,39.1 1 0
github.com/npikall/gotpm/internal/paths/paths.go:40.2,40.23 1 0
github.com/npikall/gotpm/internal/paths/paths.go:45.2,46.16 2 0
github.com/npikall/gotpm/internal/paths/paths.go:47.3,48.1 1 0
github.com/npikall/gotpm/internal/paths/paths.go:49.2,49.42 1 0
github.com/npikall/gotpm/internal/paths/paths.go:54.2,55.16 2 0
github.com/npikall/gotpm/internal/paths/paths.go:56.3,57.1 1 0
github.com/npikall/gotpm/internal/paths/paths.go:58.2,58.44 1 0
github.com/npikall/gotpm/internal/paths/paths.go:62.2,63.16 2 0
github.com/npikall/gotpm/internal/paths/paths.go:64.3,65.1 1 0
github.com/npikall/gotpm/internal/paths/paths.go:66.2,66.18 1 0
github.com/npikall/gotpm/internal/paths/paths.go:67.3,68.1 1 0
github.com/npikall/gotpm/internal/paths/paths.go:69.2,69.12 1 0
github.com/npikall/gotpm/internal/paths/paths.go:73.2,74.16 2 0
github.com/npikall/gotpm/internal/paths/paths.go:75.3,76.1 1 0
github.com/npikall/gotpm/internal/paths/paths.go:77.2,77.19 1 0
github.com/npikall/gotpm/internal/paths/paths.go:78.3,79.1 1 0
github.com/npikall/gotpm/internal/paths/paths.go:80.2,80.12 1 0
github.com/npikall/gotpm/internal/paths/typst.go:45.2,46.1 1 1
github.com/npikall/gotpm/internal/paths/typst.go:52.2,52.51 1 0
github.com/npikall/gotpm/internal/paths/typst.go:53.3,54.1 1 0
github.com/npikall/gotpm/internal/paths/typst.go:55.2,55.57 1 0
github.com/npikall/gotpm/internal/paths/typst.go:56.3,57.1 1 0
github.com/npikall/gotpm/internal/paths/typst.go:58.2,59.32 2 0
github.com/npikall/gotpm/internal/paths/typst.go:65.2,65.67 1 1
github.com/npikall/gotpm/internal/paths/typst.go:66.3,67.1 1 1
github.com/npikall/gotpm/internal/paths/typst.go:68.2,69.16 2 1
github.com/npikall/gotpm/internal/paths/typst.go:70.3,71.1 1 0
github.com/npikall/gotpm/internal/paths/typst.go:72.2,72.55 1 1
github.com/npikall/gotpm/internal/paths/typst.go:78.2,79.16 2 1
github.com/npikall/gotpm/internal/paths/typst.go:80.3,81.1 1 0
github.com/npikall/gotpm/internal/paths/typst.go:82.2,82.39 1 1
github.com/npikall/gotpm/internal/paths/typst.go:83.3,84.1 1 0
github.com/npikall/gotpm/internal/paths/typst.go:85.2,85.17 1 1
github.com/npikall/gotpm/internal/paths/typst.go:92.2,92.20 1 1
github.com/npikall/gotpm/internal/paths/typst.go:93.3,94.1 1 1
github.com/npikall/gotpm/internal/paths/typst.go:95.2,95.51 1 1
github.com/npikall/gotpm/internal/paths/typst.go:96.3,97.1 1 1
github.com/npikall/gotpm/internal/paths/typst.go:98.2,99.24 2 1
github.com/npikall/gotpm/internal/paths/windows.go:10.2,11.19 2 1
github.com/npikall/gotpm/internal/paths/windows.go:12.3,13.1 1 1
github.com/npikall/gotpm/internal/paths/windows.go:14.2,14.21 1 1
github.com/npikall/gotpm/internal/pkg/pkg.go:25.2,25.21 1 1
github.com/npikall/gotpm/internal/pkg/pkg.go:26.3,27.1 1 1
github.com/npikall/gotpm/internal/pkg/pkg.go:28.2,28.16 1 1
github.com/npikall/gotpm/internal/pkg/pkg.go:29.3,30.1 1 1
github.com/npikall/gotpm/internal/pkg/pkg.go:31.2,32.16 2 1
github.com/npikall/gotpm/internal/pkg/pkg.go:33.3,34.1 1 1
github.com/npikall/gotpm/internal/pkg/pkg.go:35.2,35.64 1 1
github.com/npikall/gotpm/internal/pkg/pkg.go:41.2,43.12 3 1
github.com/npikall/gotpm/internal/pkg/pkg.go:44.3,45.1 1 1
github.com/npikall/gotpm/internal/pkg/pkg.go:46.2,47.12 2 1
github.com/npikall/gotpm/internal/pkg/pkg.go:48.3,49.1 1 1
github.com/npikall/gotpm/internal/pkg/pkg.go:50.2,50.38 1 1
github.com/npikall/gotpm/internal/pkg/pkg.go:55.2,56.1 1 1
github.com/npikall/gotpm/internal/pkg/pkg.go:61.2,62.1 1 1
github.com/npikall/gotpm/internal/pkg/pkg.go:66.2,67.1 1 1
github.com/npikall/gotpm/internal/pkgfiles/pkgfiles.go:42.2,43.16 2 1
github.com/npikall/gotpm/internal/pkgfiles/pkgfiles.go:44.3,45.1 1 0
github.com/npikall/gotpm/internal/pkgfiles/pkgfiles.go:46.2,46.18 1 1
github.com/npikall/gotpm/internal/pkgfiles/pkgfiles.go:52.2,54.1 3 1
github.com/npikall/gotpm/internal/pkgfiles/pkgfiles.go:55.2,55.50 3 1
github.com/npikall/gotpm/internal/pkgfiles/pkgfiles.go:56.3,57.1 1 0
github.com/npikall/gotpm/internal/pkgfiles/pkgfiles.go:59.2,60.50 2 1
github.com/npikall/gotpm/internal/pkgfiles/pkgfiles.go:61.3,62.17 2 1
github.com/npikall/gotpm/internal/pkgfiles/pkgfiles.go:63.4,64.1 1 1
github.com/npikall/gotpm/internal/pkgfiles/pkgfiles.go:66.2,66.25 1 1
github.com/npikall/gotpm/internal/pkgfiles/pkgfiles.go:67.3,68.1 1 1
github.com/npikall/gotpm/internal/pkgfiles/pkgfiles.go:69.2,69.12 1 1
github.com/npikall/gotpm/internal/pkgfiles/pkgfiles.go:75.2,76.16 2 1
github.com/npikall/gotpm/internal/pkgfiles/pkgfiles.go:77.3,78.1 1 1
github.com/npikall/gotpm/internal/pkgfiles/pkgfiles.go:79.2,80.48 2 1
github.com/npikall/gotpm/internal/pkgfiles/pkgfiles.go:81.3,82.17 2 1
github.com/npikall/gotpm/internal/pkgfiles/pkgfiles.go:83.4,84.1 1 1
github.com/npikall/gotpm/internal/pkgfiles/pkgfiles.go:86.2,86.14 1 1
github.com/npikall/gotpm/internal/pkgfiles/pkgfiles.go:91.2,91.16 1 1
github.com/npikall/gotpm/internal/pkgfiles/pkgfiles.go:92.3,93.1 1 1
github.com/npikall/gotpm/internal/pkgfiles/pkgfiles.go:94.2,94.51 1 1
github.com/npikall/gotpm/internal/pkgfiles/pkgfiles.go:95.3,96.1 1 1
github.com/npikall/gotpm/internal/pkgfiles/pkgfiles.go:97.2,97.48 1 1
github.com/npikall/gotpm/internal/pkgfiles/pkgfiles.go:98.3,99.1 1 1
github.com/npikall/gotpm/internal/pkgfiles/pkgfiles.go:100.2,100.14 1 1
github.com/npikall/gotpm/internal/pkgfiles/pkgfiles.go:106.2,107.85 2 1
github.com/npikall/gotpm/internal/pkgfiles/pkgfiles.go:108.3,108.21 1 1
github.com/npikall/gotpm/internal/pkgfiles/pkgfiles.go:109.4,110.1 1 0
github.com/npikall/gotpm/internal/pkgfiles/pkgfiles.go:111.3,112.17 2 1
github.com/npikall/gotpm/internal/pkgfiles/pkgfiles.go:113.4,114.1 1 0
github.com/npikall/gotpm/internal/pkgfiles/pkgfiles.go:115.3,115.33 1 1
github.com/npikall/gotpm/internal/pkgfiles/pkgfiles.go:116.4,116.17 1 1
github.com/npikall/gotpm/internal/pkgfiles/pkgfiles.go:117.5,118.1 1 1
github.com/npikall/gotpm/internal/pkgfiles/pkgfiles.go:119.4,119.14 1 1
github.com/npikall/gotpm/internal/pkgfiles/pkgfiles.go:121.3,121.17 1 1
github.com/npikall/gotpm/internal/pkgfiles/pkgfiles.go:122.4,123.1 1 1
github.com/npikall/gotpm/internal/pkgfiles/pkgfiles.go:124.3,124.13 1 1
github.com/npikall/gotpm/internal/pkgfiles/pkgfiles.go:126.2,126.16 1 1
github.com/npikall/gotpm/internal/pkgfiles/pkgfiles.go:127.3,128.1 1 0
github.com/npikall/gotpm/internal/pkgfiles/pkgfiles.go:129.2,129.18 1 1
github.com/npikall/gotpm/internal/pkgfiles/pkgfiles.go:134.2,135.1 3 1
github.com/npikall/gotpm/internal/pkgfiles/pkgfiles.go:136.2,137.27 3 1
github.com/npikall/gotpm/internal/pkgfiles/pkgfiles.go:138.3,138.16 1 1
github.com/npikall/gotpm/internal/pkgfiles/pkgfiles.go:139.4,139.53 1 1
github.com/npikall/gotpm/internal/pkgfiles/pkgfiles.go:140.5,141.1 1 1
github.com/npikall/gotpm/internal/pkgfiles/pkgfiles.go:144.2,146.1 4 1
github.com/npikall/gotpm/internal/pkgfiles/pkgfiles.go:147.2,148.25 4 1
github.com/npikall/gotpm/internal/pkgfiles/pkgfiles.go:149.3,150.1 1 1
github.com/npikall/gotpm/internal/pkgfiles/pkgfiles.go:151.2,151.29 1 1
github.com/npikall/gotpm/internal/pkgfiles/pkgfiles.go:157.2,157.71 1 1
github.com/npikall/gotpm/internal/pkgfiles/pkgfiles.go:158.3,159.1 1 0
github.com/npikall/gotpm/internal/pkgfiles/pkgfiles.go:161.2,162.16 2 1
github.com/npikall/gotpm/internal/pkgfiles/pkgfiles.go:163.3,164.1 1 1
github.com/npikall/gotpm/internal/pkgfiles/pkgfiles.go:165.2,166.1 3 1
github.com/npikall/gotpm/internal/pkgfiles/pkgfiles.go:167.2,168.16 3 1
github.com/npikall/gotpm/internal/pkgfiles/pkgfiles.go:169.3,170.1 1 0
github.com/npikall/gotpm/internal/pkgfiles/pkgfiles.go:172.2,173.16 2 1
github.com/npikall/gotpm/internal/pkgfiles/pkgfiles.go:174.3,175.1 1 0
github.com/npikall/gotpm/internal/pkgfiles/pkgfiles.go:176.2,177.1 2 1
github.com/npikall/gotpm/internal/pkgfiles/pkgfiles.go:178.2,178.54 2 1
github.com/npikall/gotpm/internal/pkgfiles/pkgfiles.go:179.3,180.1 1 0
github.com/npikall/gotpm/internal/pkgfiles/pkgfiles.go:181.2,181.12 1 1
github.com/npikall/gotpm/internal/remote/cache.go:26.2,27.16 2 1
github.com/npikall/gotpm/internal/remote/cache.go:28.3,29.1 1 0
github.com/npikall/gotpm/internal/remote/cache.go:30.2,30.47 1 1
github.com/npikall/gotpm/internal/remote/cache.go:37.2,38.16 2 1
github.com/npikall/gotpm/internal/remote/cache.go:39.3,40.1 1 0
github.com/npikall/gotpm/internal/remote/cache.go:41.2,42.16 2 1
github.com/npikall/gotpm/internal/remote/cache.go:43.3,44.1 1 1
github.com/npikall/gotpm/internal/remote/cache.go:45.2,45.71 1 1
github.com/npikall/gotpm/internal/remote/cache.go:52.2,53.24 2 1
github.com/npikall/gotpm/internal/remote/cache.go:54.3,55.1 1 1
github.com/npikall/gotpm/internal/remote/cache.go:56.2,56.22 1 1
github.com/npikall/gotpm/internal/remote/cache.go:60.2,61.1 3 1
github.com/npikall/gotpm/internal/remote/cache.go:62.2,63.67 3 1
github.com/npikall/gotpm/internal/remote/cache.go:64.3,65.1 1 1
github.com/npikall/gotpm/internal/remote/cache.go:67.2,68.50 2 1
github.com/npikall/gotpm/internal/remote/cache.go:69.3,69.53 1 1
github.com/npikall/gotpm/internal/remote/cache.go:70.4,71.1 1 1
github.com/npikall/gotpm/internal/remote/cache.go:73.2,73.17 1 1
github.com/npikall/gotpm/internal/remote/cache.go:77.2,77.44 1 1
github.com/npikall/gotpm/internal/remote/cache.go:78.3,79.1 1 1
github.com/npikall/gotpm/internal/remote/cache.go:80.2,80.39 1 1
github.com/npikall/gotpm/internal/remote/cache.go:81.3,81.20 1 1
github.com/npikall/gotpm/internal/remote/cache.go:82.4,83.1 1 1
github.com/npikall/gotpm/internal/remote/cache.go:84.3,84.13 1 1
github.com/npikall/gotpm/internal/remote/cache.go:91.2,93.1 1 1
github.com/npikall/gotpm/internal/remote/cache.go:108.2,109.16 2 1
github.com/npikall/gotpm/internal/remote/cache.go:110.3,111.1 1 1
github.com/npikall/gotpm/internal/remote/cache.go:113.2,113.26 1 1
github.com/npikall/gotpm/internal/remote/cache.go:114.3,115.17 2 1
github.com/npikall/gotpm/internal/remote/cache.go:116.4,117.1 1 1
github.com/npikall/gotpm/internal/remote/cache.go:118.3,119.47 2 1
github.com/npikall/gotpm/internal/remote/cache.go:122.2,123.16 2 1
github.com/npikall/gotpm/internal/remote/cache.go:124.3,125.1 1 1
github.com/npikall/gotpm/internal/remote/cache.go:126.2,126.60 1 1
github.com/npikall/gotpm/internal/remote/cache.go:130.2,131.1 1 1
github.com/npikall/gotpm/internal/remote/cache.go:137.2,138.16 2 0
github.com/npikall/gotpm/internal/remote/cache.go:139.3,140.1 1 0
github.com/npikall/gotpm/internal/remote/cache.go:141.2,142.1 2 0
github.com/npikall/gotpm/internal/remote/cache.go:143.2,143.15 2 0
github.com/npikall/gotpm/internal/remote/cache.go:144.3,144.59 1 0
github.com/npikall/gotpm/internal/remote/cache.go:145.4,146.1 1 0
github.com/npikall/gotpm/internal/remote/cache.go:148.2,148.37 1 0
github.com/npikall/gotpm/internal/remote/cache.go:153.2,154.16 2 1
github.com/npikall/gotpm/internal/remote/cache.go:155.3,156.1 1 0
github.com/npikall/gotpm/internal/remote/cache.go:157.2,157.42 1 1
github.com/npikall/gotpm/internal/remote/cache.go:158.3,159.1 1 0
github.com/npikall/gotpm/internal/remote/cache.go:160.2,160.12 1 1
github.com/npikall/gotpm/internal/remote/remote.go:20.2,21.16 2 1
github.com/npikall/gotpm/internal/remote/remote.go:22.3,23.1 1 0
github.com/npikall/gotpm/internal/remote/remote.go:24.2,25.1 2 1
github.com/npikall/gotpm/internal/remote/remote.go:26.2,26.52 2 1
github.com/npikall/gotpm/internal/remote/remote.go:27.3,28.1 1 0
github.com/npikall/gotpm/internal/remote/remote.go:29.2,29.12 1 1
github.com/npikall/gotpm/internal/remote/remote.go:36.2,42.16 2 1
github.com/npikall/gotpm/internal/remote/remote.go:43.3,44.1 1 1
github.com/npikall/gotpm/internal/remote/remote.go:45.2,45.18 1 1
github.com/npikall/gotpm/internal/remote/remote.go:50.2,51.16 2 1
github.com/npikall/gotpm/internal/remote/remote.go:52.3,53.1 1 0
github.com/npikall/gotpm/internal/remote/remote.go:54.2,54.27 1 1
github.com/npikall/gotpm/internal/remote/remote.go:59.2,60.16 2 0
github.com/npikall/gotpm/internal/remote/remote.go:61.3,62.1 1 0
github.com/npikall/gotpm/internal/remote/remote.go:63.2,64.1 3 0
github.com/npikall/gotpm/internal/remote/remote.go:65.2,66.57 3 0
github.com/npikall/gotpm/internal/remote/remote.go:67.3,69.1 2 0
github.com/npikall/gotpm/internal/remote/remote.go:70.2,70.16 1 0
github.com/npikall/gotpm/internal/remote/remote.go:71.3,72.1 1 0
github.com/npikall/gotpm/internal/remote/remote.go:73.2,73.18 1 0
github.com/npikall/gotpm/internal/remote/remote.go:77.2,78.16 2 1
github.com/npikall/gotpm/internal/remote/remote.go:79.3,80.1 1 0
github.com/npikall/gotpm/internal/remote/remote.go:82.2,83.16 2 1
github.com/npikall/gotpm/internal/remote/remote.go:84.3,85.1 1 0
github.com/npikall/gotpm/internal/remote/remote.go:87.2,88.16 2 1
github.com/npikall/gotpm/internal/remote/remote.go:89.3,90.1 1 0
github.com/npikall/gotpm/internal/remote/remote.go:91.2,91.12 1 1
github.com/npikall/gotpm/internal/remote/remote.go:97.2,98.62 2 0
github.com/npikall/gotpm/internal/remote/remote.go:99.3,100.1 1 0
github.com/npikall/gotpm/internal/remote/remote.go:101.2,101.57 1 0
github.com/npikall/gotpm/internal/remote/remote.go:102.3,103.1 1 0
github.com/npikall/gotpm/internal/remote/remote.go:104.2,104.29 1 0
github.com/npikall/gotpm/internal/remote/remote.go:108.2,108.21 1 1
github.com/npikall/gotpm/internal/remote/remote.go:109.3,110.1 1 1
github.com/npikall/gotpm/internal/remote/remote.go:111.2,111.54 1 1
github.com/npikall/gotpm/internal/remote/remote.go:115.2,116.1 1 1
github.com/npikall/gotpm/internal/semver/semver.go:30.2,31.1 1 1
github.com/npikall/gotpm/internal/semver/semver.go:34.2,34.19 1 1
github.com/npikall/gotpm/internal/semver/semver.go:36.3,38.14 3 1
github.com/npikall/gotpm/internal/semver/semver.go:40.3,41.14 2 1
github.com/npikall/gotpm/internal/semver/semver.go:43.3,43.12 1 1
github.com/npikall/gotpm/internal/semver/semver.go:45.3,45.29 1 1
github.com/npikall/gotpm/internal/semver/semver.go:47.2,47.12 1 1
github.com/npikall/gotpm/internal/semver/semver.go:53.2,53.9 1 1
github.com/npikall/gotpm/internal/semver/semver.go:55.3,55.37 1 1
github.com/npikall/gotpm/internal/semver/semver.go:57.3,57.37 1 1
github.com/npikall/gotpm/internal/semver/semver.go:59.3,59.37 1 1
github.com/npikall/gotpm/internal/semver/semver.go:61.3,61.11 1 1
github.com/npikall/gotpm/internal/semver/semver.go:66.2,68.32 3 1
github.com/npikall/gotpm/internal/semver/semver.go:69.3,70.1 1 1
github.com/npikall/gotpm/internal/semver/semver.go:72.2,73.16 2 1
github.com/npikall/gotpm/internal/semver/semver.go:74.3,75.1 1 1
github.com/npikall/gotpm/internal/semver/semver.go:76.2,77.16 2 1
github.com/npikall/gotpm/internal/semver/semver.go:78.3,79.1 1 1
github.com/npikall/gotpm/internal/semver/semver.go:80.2,81.16 2 1
github.com/npikall/gotpm/internal/semver/semver.go:82.3,83.1 1 1
github.com/npikall/gotpm/internal/semver/semver.go:85.2,85.64 1 1
github.com/npikall/gotpm/internal/semver/semver.go:89.2,89.14 1 1
github.com/npikall/gotpm/internal/semver/semver.go:90.3,91.1 1 1
github.com/npikall/gotpm/internal/semver/semver.go:92.2,92.11 1 1
github.com/npikall/gotpm/internal/semver/semver.go:96.2,96.31 1 1
github.com/npikall/gotpm/internal/semver/semver.go:97.3,98.1 1 1
github.com/npikall/gotpm/internal/semver/semver.go:99.2,100.16 2 1
github.com/npikall/gotpm/internal/semver/semver.go:101.3,102.1 1 1
github.com/npikall/gotpm/internal/semver/semver.go:103.2,103.11 1 1
github.com/npikall/gotpm/internal/semver/semver.go:104.3,105.1 1 1
github.com/npikall/gotpm/internal/semver/semver.go:106.2,106.15 1 1
github.com/npikall/gotpm/internal/semver/semver.go:110.2,112.1 2 1
github.com/npikall/gotpm/internal/cmds/publish/fork.go:16.2,16.50 1 1
github.com/npikall/gotpm/internal/cmds/publish/fork.go:17.3,17.57 1 1
github.com/npikall/gotpm/internal/cmds/publish/fork.go:18.4,19.1 1 1
github.com/npikall/gotpm/internal/cmds/publish/fork.go:20.3,20.31 1 1
github.com/npikall/gotpm/internal/cmds/publish/fork.go:21.4,22.1 1 1
github.com/npikall/gotpm/internal/cmds/publish/fork.go:23.3,24.48 2 0
github.com/npikall/gotpm/internal/cmds/publish/fork.go:25.4,26.1 1 0
github.com/npikall/gotpm/internal/cmds/publish/fork.go:28.2,28.64 1 1
github.com/npikall/gotpm/internal/cmds/publish/fork.go:29.3,30.1 1 0
github.com/npikall/gotpm/internal/cmds/publish/fork.go:31.2,36.16 6 1
github.com/npikall/gotpm/internal/cmds/publish/fork.go:37.3,38.1 1 0
github.com/npikall/gotpm/internal/cmds/publish/fork.go:39.2,40.12 2 1
github.com/npikall/gotpm/internal/cmds/publish/fork.go:44.2,49.16 6 1
github.com/npikall/gotpm/internal/cmds/publish/fork.go:50.3,51.1 1 0
github.com/npikall/gotpm/internal/cmds/publish/fork.go:52.2,53.12 2 1
github.com/npikall/gotpm/internal/cmds/publish/fork.go:60.2,61.13 2 1
github.com/npikall/gotpm/internal/cmds/publish/fork.go:62.3,63.1 1 1
github.com/npikall/gotpm/internal/cmds/publish/fork.go:64.2,66.1 6 1
github.com/npikall/gotpm/internal/cmds/publish/fork.go:67.2,70.1 6 1
github.com/npikall/gotpm/internal/cmds/publish/fork.go:71.2,71.67 6 1
github.com/npikall/gotpm/internal/cmds/publish/fork.go:72.3,73.1 1 0
github.com/npikall/gotpm/internal/cmds/publish/fork.go:75.2,75.82 1 1
github.com/npikall/gotpm/internal/cmds/publish/fork.go:76.3,77.1 1 0
github.com/npikall/gotpm/internal/cmds/publish/fork.go:79.2,79.65 1 1
github.com/npikall/gotpm/internal/cmds/publish/fork.go:80.3,81.1 1 0
github.com/npikall/gotpm/internal/cmds/publish/fork.go:83.2,84.29 2 1
github.com/npikall/gotpm/internal/cmds/publish/fork.go:88.2,88.12 1 1
github.com/npikall/gotpm/internal/cmds/publish/fork.go:89.3,90.13 2 1
github.com/npikall/gotpm/internal/cmds/publish/fork.go:91.4,92.1 1 1
github.com/npikall/gotpm/internal/cmds/publish/fork.go:93.3,94.78 2 1
github.com/npikall/gotpm/internal/cmds/publish/fork.go:95.4,96.1 1 0
github.com/npikall/gotpm/internal/cmds/publish/fork.go:97.3,97.13 1 1
github.com/npikall/gotpm/internal/cmds/publish/fork.go:100.2,100.68 1 1
github.com/npikall/gotpm/internal/cmds/publish/fork.go:101.3,102.1 1 0
github.com/npikall/gotpm/internal/cmds/publish/fork.go:103.2,103.13 1 1
github.com/npikall/gotpm/internal/cmds/publish/fork.go:104.3,105.1 1 1
github.com/npikall/gotpm/internal/cmds/publish/fork.go:106.2,108.18 3 1
github.com/npikall/gotpm/internal/cmds/publish/fork.go:109.3,110.1 1 1
github.com/npikall/gotpm/internal/cmds/publish/fork.go:111.2,111.44 1 1
github.com/npikall/gotpm/internal/cmds/publish/fork.go:112.3,113.1 1 0
github.com/npikall/gotpm/internal/cmds/publish/fork.go:115.2,116.73 2 1
github.com/npikall/gotpm/internal/cmds/publish/fork.go:117.3,118.1 1 0
github.com/npikall/gotpm/internal/cmds/publish/fork.go:119.2,119.12 1 1
github.com/npikall/gotpm/internal/cmds/publish/fork.go:123.2,124.57 2 1
github.com/npikall/gotpm/internal/cmds/publish/fork.go:125.3,126.1 1 0
github.com/npikall/gotpm/internal/cmds/publish/fork.go:127.2,128.53 2 1
github.com/npikall/gotpm/internal/cmds/publish/fork.go:129.3,130.1 1 0
github.com/npikall/gotpm/internal/cmds/publish/fork.go:131.2,132.12 2 1
github.com/npikall/gotpm/internal/cmds/publish/fork.go:137.2,137.58 1 1
github.com/npikall/gotpm/internal/cmds/publish/fork.go:138.3,139.1 1 0
github.com/npikall/gotpm/internal/cmds/publish/fork.go:140.2,141.12 2 1
github.com/npikall/gotpm/internal/cmds/publish/forkpath.go:34.2,35.16 2 1
github.com/npikall/gotpm/internal/cmds/publish/forkpath.go:36.3,37.1 1 0
github.com/npikall/gotpm/internal/cmds/publish/forkpath.go:38.2,38.22 1 1
github.com/npikall/gotpm/internal/cmds/publish/forkpath.go:39.3,40.1 1 1
github.com/npikall/gotpm/internal/cmds/publish/forkpath.go:41.2,42.16 2 1
github.com/npikall/gotpm/internal/cmds/publish/forkpath.go:43.3,44.1 1 0
github.com/npikall/gotpm/internal/cmds/publish/forkpath.go:45.2,46.22 2 1
github.com/npikall/gotpm/internal/cmds/publish/forkpath.go:52.2,53.16 2 1
github.com/npikall/gotpm/internal/cmds/publish/forkpath.go:54.3,55.1 1 0
github.com/npikall/gotpm/internal/cmds/publish/forkpath.go:56.2,57.16 2 1
github.com/npikall/gotpm/internal/cmds/publish/forkpath.go:58.3,59.1 1 0
github.com/npikall/gotpm/internal/cmds/publish/forkpath.go:60.2,60.84 1 1
github.com/npikall/gotpm/internal/cmds/publish/forkpath.go:64.2,66.56 3 1
github.com/npikall/gotpm/internal/cmds/publish/forkpath.go:67.3,68.1 1 1
github.com/npikall/gotpm/internal/cmds/publish/forkpath.go:69.2,69.32 1 1
github.com/npikall/gotpm/internal/cmds/publish/forkpath.go:70.3,71.1 1 1
github.com/npikall/gotpm/internal/cmds/publish/forkpath.go:72.2,72.35 1 1
github.com/npikall/gotpm/internal/cmds/publish/forkpath.go:76.2,77.1 1 1
github.com/npikall/gotpm/internal/cmds/publish/forkpath.go:80.2,81.16 2 1
github.com/npikall/gotpm/internal/cmds/publish/forkpath.go:82.3,83.1 1 0
github.com/npikall/gotpm/internal/cmds/publish/forkpath.go:84.2,85.53 2 1
github.com/npikall/gotpm/internal/cmds/publish/forkpath.go:86.3,87.1 1 1
github.com/npikall/gotpm/internal/cmds/publish/forkpath.go:88.2,88.27 1 1
github.com/npikall/gotpm/internal/cmds/publish/forkpath.go:89.3,92.1 2 1
github.com/npikall/gotpm/internal/cmds/publish/forkpath.go:94.2,95.16 2 1
github.com/npikall/gotpm/internal/cmds/publish/forkpath.go:96.3,98.1 2 0
github.com/npikall/gotpm/internal/cmds/publish/forkpath.go:99.2,99.32 1 1
github.com/npikall/gotpm/internal/cmds/publish/forkpath.go:100.3,103.1 2 1
github.com/npikall/gotpm/internal/cmds/publish/forkpath.go:105.2,105.64 1 1
github.com/npikall/gotpm/internal/cmds/publish/forkpath.go:106.3,108.1 2 0
github.com/npikall/gotpm/internal/cmds/publish/forkpath.go:109.2,109.56 1 1
github.com/npikall/gotpm/internal/cmds/publish/forkpath.go:110.3,113.1 2 0
github.com/npikall/gotpm/internal/cmds/publish/forkpath.go:114.2,114.98 1 1
github.com/npikall/gotpm/internal/cmds/publish/forkpath.go:118.2,119.16 2 1
github.com/npikall/gotpm/internal/cmds/publish/forkpath.go:120.3,121.1 1 0
github.com/npikall/gotpm/internal/cmds/publish/forkpath.go:122.2,122.31 1 1
github.com/npikall/gotpm/internal/cmds/publish/forkpath.go:123.3,124.1 1 1
github.com/npikall/gotpm/internal/cmds/publish/forkpath.go:125.2,129.3 1 1
github.com/npikall/gotpm/internal/cmds/publish/forkpath.go:133.2,134.16 2 1
github.com/npikall/gotpm/internal/cmds/publish/forkpath.go:135.3,136.1 1 0
github.com/npikall/gotpm/internal/cmds/publish/forkpath.go:137.2,138.1 3 1
github.com/npikall/gotpm/internal/cmds/publish/forkpath.go:139.2,140.16 3 1
github.com/npikall/gotpm/internal/cmds/publish/forkpath.go:141.3,142.1 1 0
github.com/npikall/gotpm/internal/cmds/publish/forkpath.go:143.2,144.20 2 1
github.com/npikall/gotpm/internal/cmds/publish/forkpath.go:145.3,146.1 1 0
github.com/npikall/gotpm/internal/cmds/publish/forkpath.go:147.2,147.21 1 1
github.com/npikall/gotpm/internal/cmds/publish/publish.go:48.2,49.16 2 1
github.com/npikall/gotpm/internal/cmds/publish/publish.go:50.3,51.1 1 1
github.com/npikall/gotpm/internal/cmds/publish/publish.go:53.2,54.16 2 1
github.com/npikall/gotpm/internal/cmds/publish/publish.go:55.3,56.1 1 0
github.com/npikall/gotpm/internal/cmds/publish/publish.go:58.2,59.16 2 1
github.com/npikall/gotpm/internal/cmds/publish/publish.go:60.3,61.1 1 1
github.com/npikall/gotpm/internal/cmds/publish/publish.go:63.2,63.16 1 1
github.com/npikall/gotpm/internal/cmds/publish/publish.go:64.3,66.1 2 1
github.com/npikall/gotpm/internal/cmds/publish/publish.go:67.2,67.54 1 1
github.com/npikall/gotpm/internal/cmds/publish/publish.go:71.2,71.50 1 1
github.com/npikall/gotpm/internal/cmds/publish/publish.go:72.3,73.1 1 1
github.com/npikall/gotpm/internal/cmds/publish/publish.go:74.2,74.70 1 0
github.com/npikall/gotpm/internal/cmds/publish/publish.go:78.2,79.16 2 1
github.com/npikall/gotpm/internal/cmds/publish/publish.go:80.3,81.1 1 0
github.com/npikall/gotpm/internal/cmds/publish/publish.go:82.2,83.16 2 1
github.com/npikall/gotpm/internal/cmds/publish/publish.go:84.3,85.1 1 0
github.com/npikall/gotpm/internal/cmds/publish/publish.go:86.2,86.19 1 1
github.com/npikall/gotpm/internal/cmds/publish/publish.go:87.3,88.1 1 1
github.com/npikall/gotpm/internal/cmds/publish/publish.go:89.2,90.16 2 1
github.com/npikall/gotpm/internal/cmds/publish/publish.go:91.3,92.1 1 0
github.com/npikall/gotpm/internal/cmds/publish/publish.go:93.2,94.49 2 1
github.com/npikall/gotpm/internal/cmds/publish/publish.go:100.2,101.16 2 1
github.com/npikall/gotpm/internal/cmds/publish/publish.go:102.3,103.1 1 1
github.com/npikall/gotpm/internal/cmds/publish/publish.go:104.2,105.1 4 1
github.com/npikall/gotpm/internal/cmds/publish/publish.go:106.2,108.1 4 1
github.com/npikall/gotpm/internal/cmds/publish/publish.go:109.2,109.68 4 1
github.com/npikall/gotpm/internal/cmds/publish/publish.go:110.3,111.1 1 0
github.com/npikall/gotpm/internal/cmds/publish/publish.go:112.2,113.16 2 1
github.com/npikall/gotpm/internal/cmds/publish/publish.go:114.3,115.1 1 0
github.com/npikall/gotpm/internal/cmds/publish/publish.go:117.2,118.99 2 1
github.com/npikall/gotpm/internal/cmds/publish/publish.go:119.3,120.1 1 0
github.com/npikall/gotpm/internal/cmds/publish/publish.go:122.2,122.15 1 1
github.com/npikall/gotpm/internal/cmds/publish/publish.go:123.3,124.1 1 1
github.com/npikall/gotpm/internal/cmds/publish/publish.go:125.2,125.71 1 1
github.com/npikall/gotpm/internal/cmds/publish/publish.go:126.3,127.1 1 0
github.com/npikall/gotpm/internal/cmds/publish/publish.go:128.2,129.27 2 1
github.com/npikall/gotpm/internal/cmds/publish/publish.go:135.2,136.16 2 1
github.com/npikall/gotpm/internal/cmds/publish/publish.go:137.3,138.1 1 1
github.com/npikall/gotpm/internal/cmds/publish/publish.go:139.2,140.16 2 1
github.com/npikall/gotpm/internal/cmds/publish/publish.go:141.3,142.1 1 0
github.com/npikall/gotpm/internal/cmds/publish/publish.go:143.2,143.43 1 1
github.com/npikall/gotpm/internal/cmds/publish/publish.go:149.2,149.81 1 1
github.com/npikall/gotpm/internal/cmds/publish/publish.go:150.3,151.1 1 0
github.com/npikall/gotpm/internal/cmds/publish/publish.go:152.2,153.62 2 1
github.com/npikall/gotpm/internal/cmds/publish/publish.go:154.3,155.1 1 0
github.com/npikall/gotpm/internal/cmds/publish/publish.go:156.2,157.12 2 1
github.com/npikall/gotpm/internal/cmds/publish/publish.go:163.2,163.19 1 1
github.com/npikall/gotpm/internal/cmds/publish/publish.go:164.3,164.72 1 1
github.com/npikall/gotpm/internal/cmds/publish/publish.go:165.4,166.1 1 1
github.com/npikall/gotpm/internal/cmds/publish/publish.go:168.2,168.73 1 1
github.com/npikall/gotpm/internal/cmds/publish/publish.go:172.2,173.16 2 1
github.com/npikall/gotpm/internal/cmds/publish/publish.go:174.3,175.1 1 1
github.com/npikall/gotpm/internal/cmds/publish/publish.go:176.2,177.16 2 1
github.com/npikall/gotpm/internal/cmds/publish/publish.go:178.3,179.1 1 0
github.com/npikall/gotpm/internal/cmds/publish/publish.go:180.2,181.16 2 1
github.com/npikall/gotpm/internal/cmds/publish/publish.go:182.3,183.1 1 0
github.com/npikall/gotpm/internal/cmds/publish/publish.go:184.2,184.47 1 1
github.com/npikall/gotpm/internal/cmds/publish/publish.go:190.2,191.60 2 1
github.com/npikall/gotpm/internal/cmds/publish/publish.go:192.3,194.1 2 0
github.com/npikall/gotpm/internal/cmds/publish/publish.go:196.2,197.16 2 1
github.com/npikall/gotpm/internal/cmds/publish/publish.go:198.3,199.1 1 0
github.com/npikall/gotpm/internal/cmds/publish/publish.go:200.2,206.12 4 1
github.com/npikall/gotpm/internal/typstsrc/refs.go:15.2,17.56 3 1
github.com/npikall/gotpm/internal/typstsrc/refs.go:18.3,19.37 2 1
github.com/npikall/gotpm/internal/typstsrc/refs.go:20.4,20.12 1 1
github.com/npikall/gotpm/internal/typstsrc/refs.go:22.3,23.1 3 1
github.com/npikall/gotpm/internal/typstsrc/refs.go:24.3,25.17 3 1
github.com/npikall/gotpm/internal/typstsrc/refs.go:26.4,26.12 1 0
github.com/npikall/gotpm/internal/typstsrc/refs.go:28.3,28.27 1 1
github.com/npikall/gotpm/internal/typstsrc/refs.go:30.2,30.13 1 1
github.com/npikall/gotpm/internal/typstsrc/refs.go:36.2,36.36 1 1
github.com/npikall/gotpm/internal/typstsrc/refs.go:37.3,39.1 2 1
github.com/npikall/gotpm/internal/typstsrc/refs.go:40.2,40.16 1 1
github.com/npikall/gotpm/internal/typstsrc/typstsrc.go:29.2,30.1 1 1
github.com/npikall/gotpm/internal/typstsrc/typstsrc.go:35.2,36.49 2 1
github.com/npikall/gotpm/internal/typstsrc/typstsrc.go:37.3,38.1 1 1
github.com/npikall/gotpm/internal/typstsrc/typstsrc.go:39.2,39.21 1 1
github.com/npikall/gotpm/internal/typstsrc/typstsrc.go:43.2,44.16 2 1
github.com/npikall/gotpm/internal/typstsrc/typstsrc.go:45.3,46.1 1 1
github.com/npikall/gotpm/internal/typstsrc/typstsrc.go:47.2,48.1 4 1
github.com/npikall/gotpm/internal/typstsrc/typstsrc.go:49.2,50.1 4 1
github.com/npikall/gotpm/internal/typstsrc/typstsrc.go:51.2,52.21 4 1
github.com/npikall/gotpm/internal/typstsrc/typstsrc.go:53.3,54.10 2 1
github.com/npikall/gotpm/internal/typstsrc/typstsrc.go:56.4,57.11 2 1
github.com/npikall/gotpm/internal/typstsrc/typstsrc.go:58.5,58.13 1 1
github.com/npikall/gotpm/internal/typstsrc/typstsrc.go:60.4,60.62 1 1
github.com/npikall/gotpm/internal/typstsrc/typstsrc.go:62.4,63.11 2 1
github.com/npikall/gotpm/internal/typstsrc/typstsrc.go:64.5,64.13 1 0
github.com/npikall/gotpm/internal/typstsrc/typstsrc.go:66.4,66.78 1 1
github.com/npikall/gotpm/internal/typstsrc/typstsrc.go:67.5,68.1 1 1
github.com/npikall/gotpm/internal/typstsrc/typstsrc.go:71.2,71.38 1 1
github.com/npikall/gotpm/internal/typstsrc/typstsrc.go:72.3,73.1 1 0
github.com/npikall/gotpm/internal/typstsrc/typstsrc.go:74.2,74.12 1 1
github.com/npikall/gotpm/internal/typstsrc/typstsrc.go:78.2,79.22 2 1
github.com/npikall/gotpm/internal/typstsrc/typstsrc.go:80.3,81.1 1 1
github.com/npikall/gotpm/internal/typstsrc/typstsrc.go:82.2,82.12 1 1
github.com/npikall/gotpm/internal/ui/confirm.go:17.2,18.1 3 0
github.com/npikall/gotpm/internal/ui/confirm.go:19.2,20.43 3 0
github.com/npikall/gotpm/internal/ui/confirm.go:21.3,22.1 1 0
github.com/npikall/gotpm/internal/ui/confirm.go:23.2,23.31 1 0
github.com/npikall/gotpm/internal/ui/confirm.go:29.2,29.52 1 1
github.com/npikall/gotpm/internal/ui/confirm.go:31.3,31.14 1 1
github.com/npikall/gotpm/internal/ui/confirm.go:33.3,33.15 1 1
github.com/npikall/gotpm/internal/ui/confirm.go:41.2,42.1 1 0
github.com/npikall/gotpm/internal/ui/spinner.go:15.2,15.18 1 1
github.com/npikall/gotpm/internal/ui/spinner.go:16.3,17.1 1 1
github.com/npikall/gotpm/internal/ui/spinner.go:18.2,21.10 4 1
github.com/npikall/gotpm/internal/ui/spinner.go:28.2,32.1 4 1
github.com/npikall/gotpm/internal/ui/spinner.go:36.2,36.57 1 1
github.com/npikall/gotpm/internal/ui/spinner.go:37.3,38.1 1 1
github.com/npikall/gotpm/internal/ui/spinner.go:39.2,39.12 1 1
github.com/npikall/gotpm/internal/ui/write.go:10.2,11.1 1 0
github.com/npikall/gotpm/internal/ui/write.go:14.2,15.1 1 0
github.com/npikall/gotpm/internal/ui/write.go:18.2,21.1 3 0
github.com/npikall/gotpm/internal/ui/write.go:24.2,27.1 3 0
github.com/npikall/gotpm/internal/ui/write.go:31.2,34.1 3 0
github.com/npikall/gotpm/internal/ui/write.go:37.2,40.1 3 0
github.com/npikall/gotpm/internal/ui/write.go:44.2,45.1 1 1
github.com/npikall/gotpm/main.go:12.2,13.1 1 0
github.com/npikall/gotpm/internal/store/provenance.go:35.2,36.1 1 1
github.com/npikall/gotpm/internal/store/provenance.go:40.2,41.16 2 1
github.com/npikall/gotpm/internal/store/provenance.go:42.3,43.1 1 0
github.com/npikall/gotpm/internal/store/provenance.go:44.2,44.67 1 1
github.com/npikall/gotpm/internal/store/provenance.go:51.2,51.27 1 1
github.com/npikall/gotpm/internal/store/provenance.go:52.3,53.1 1 1
github.com/npikall/gotpm/internal/store/provenance.go:54.2,56.36 3 1
github.com/npikall/gotpm/internal/store/provenance.go:57.3,58.1 1 1
github.com/npikall/gotpm/internal/store/provenance.go:59.2,59.16 1 1
github.com/npikall/gotpm/internal/store/provenance.go:60.3,61.1 1 0
github.com/npikall/gotpm/internal/store/provenance.go:63.2,64.49 2 1
github.com/npikall/gotpm/internal/store/provenance.go:65.3,66.1 1 1
github.com/npikall/gotpm/internal/store/provenance.go:67.2,67.21 1 1
github.com/npikall/gotpm/internal/store/store.go:39.2,40.16 2 1
github.com/npikall/gotpm/internal/store/store.go:41.3,42.1 1 0
github.com/npikall/gotpm/internal/store/store.go:43.2,43.49 1 1
github.com/npikall/gotpm/internal/store/store.go:50.2,51.16 2 0
github.com/npikall/gotpm/internal/store/store.go:52.3,53.1 1 0
github.com/npikall/gotpm/internal/store/store.go:54.2,54.22 1 0
github.com/npikall/gotpm/internal/store/store.go:60.2,61.1 1 1
github.com/npikall/gotpm/internal/store/store.go:65.2,66.1 1 1
github.com/npikall/gotpm/internal/store/store.go:71.2,72.1 1 1
github.com/npikall/gotpm/internal/store/store.go:76.2,76.12 1 1
github.com/npikall/gotpm/internal/store/store.go:77.3,78.1 1 1
github.com/npikall/gotpm/internal/store/store.go:79.2,79.24 1 1
github.com/npikall/gotpm/internal/store/store.go:84.2,84.12 1 1
github.com/npikall/gotpm/internal/store/store.go:85.3,86.1 1 0
github.com/npikall/gotpm/internal/store/store.go:87.2,87.47 1 1
github.com/npikall/gotpm/internal/store/store.go:94.2,94.12 1 1
github.com/npikall/gotpm/internal/store/store.go:95.3,96.1 1 1
github.com/npikall/gotpm/internal/store/store.go:97.2,97.41 1 1
github.com/npikall/gotpm/internal/store/store.go:103.2,104.1 1 1
github.com/npikall/gotpm/internal/store/store.go:108.2,109.1 1 0
github.com/npikall/gotpm/internal/store/store.go:114.2,115.1 1 1
github.com/npikall/gotpm/internal/store/store.go:121.2,123.48 3 1
github.com/npikall/gotpm/internal/store/store.go:124.3,125.1 1 0
github.com/npikall/gotpm/internal/store/store.go:127.2,127.12 1 1
github.com/npikall/gotpm/internal/store/store.go:128.3,129.1 1 0
github.com/npikall/gotpm/internal/store/store.go:131.2,132.16 2 1
github.com/npikall/gotpm/internal/store/store.go:133.3,134.1 1 0
github.com/npikall/gotpm/internal/store/store.go:135.2,135.15 1 1
github.com/npikall/gotpm/internal/store/store.go:135.17,135.44 1 1
github.com/npikall/gotpm/internal/store/store.go:137.2,137.57 1 1
github.com/npikall/gotpm/internal/store/store.go:138.3,139.1 1 0
github.com/npikall/gotpm/internal/store/store.go:140.2,140.59 1 1
github.com/npikall/gotpm/internal/store/store.go:141.3,142.1 1 0
github.com/npikall/gotpm/internal/store/store.go:143.2,143.49 1 1
github.com/npikall/gotpm/internal/store/store.go:144.3,145.1 1 0
github.com/npikall/gotpm/internal/store/store.go:146.2,146.12 1 1
github.com/npikall/gotpm/internal/store/store.go:152.2,153.60 2 1
github.com/npikall/gotpm/internal/store/store.go:154.3,155.1 1 0
github.com/npikall/gotpm/internal/store/store.go:156.2,157.16 2 1
github.com/npikall/gotpm/internal/store/store.go:158.3,159.1 1 0
github.com/npikall/gotpm/internal/store/store.go:160.2,160.49 1 1
github.com/npikall/gotpm/internal/store/store.go:161.3,162.1 1 0
github.com/npikall/gotpm/internal/store/store.go:163.2,163.12 1 1
github.com/npikall/gotpm/internal/store/store.go:169.2,170.1 1 1
github.com/npikall/gotpm/internal/store/store.go:175.2,176.1 1 0
github.com/npikall/gotpm/internal/store/store.go:182.2,182.12 1 1
github.com/npikall/gotpm/internal/store/store.go:183.3,184.1 1 1
github.com/npikall/gotpm/internal/store/store.go:185.2,185.42 1 1
github.com/npikall/gotpm/internal/store/store.go:209.2,210.1 1 1
github.com/npikall/gotpm/internal/store/store.go:216.2,217.16 2 1
github.com/npikall/gotpm/internal/store/store.go:218.3,218.37 1 1
github.com/npikall/gotpm/internal/store/store.go:219.4,220.1 1 1
github.com/npikall/gotpm/internal/store/store.go:221.3,221.67 1 0
github.com/npikall/gotpm/internal/store/store.go:224.2,225.32 2 1
github.com/npikall/gotpm/internal/store/store.go:226.3,226.45 1 1
github.com/npikall/gotpm/internal/store/store.go:227.4,227.12 1 0
github.com/npikall/gotpm/internal/store/store.go:229.3,230.25 2 1
github.com/npikall/gotpm/internal/store/store.go:231.4,231.12 1 1
github.com/npikall/gotpm/internal/store/store.go:233.3,233.85 1 1
github.com/npikall/gotpm/internal/store/store.go:235.2,235.55 1 1
github.com/npikall/gotpm/internal/store/store.go:235.57,235.97 1 1
github.com/npikall/gotpm/internal/store/store.go:236.2,236.24 1 1
github.com/npikall/gotpm/internal/store/store.go:240.2,241.16 2 1
github.com/npikall/gotpm/internal/store/store.go:242.3,243.1 1 0
github.com/npikall/gotpm/internal/store/store.go:245.2,246.32 2 1
github.com/npikall/gotpm/internal/store/store.go:247.3,247.45 1 1
github.com/npikall/gotpm/internal/store/store.go:248.4,248.12 1 1
github.com/npikall/gotpm/internal/store/store.go:250.3,251.25 2 1
github.com/npikall/gotpm/internal/store/store.go:252.4,252.12 1 1
github.com/npikall/gotpm/internal/store/store.go:254.3,254.79 1 1
github.com/npikall/gotpm/internal/store/store.go:256.2,256.51 1 1
github.com/npikall/gotpm/internal/store/store.go:256.53,256.93 1 1
github.com/npikall/gotpm/internal/store/store.go:257.2,257.17 1 1
github.com/npikall/gotpm/internal/store/store.go:261.2,262.16 2 1
github.com/npikall/gotpm/internal/store/store.go:263.3,264.1 1 0
github.com/npikall/gotpm/internal/store/store.go:266.2,267.32 2 1
github.com/npikall/gotpm/internal/store/store.go:268.3,268.27 1 1
github.com/npikall/gotpm/internal/store/store.go:269.4,269.12 1 1
github.com/npikall/gotpm/internal/store/store.go:271.3,271.68 1 1
github.com/npikall/gotpm/internal/store/store.go:272.4,272.12 1 0
github.com/npikall/gotpm/internal/store/store.go:274.3,277.5 1 1
github.com/npikall/gotpm/internal/store/store.go:279.2,279.51 1 1
github.com/npikall/gotpm/internal/store/store.go:279.53,279.93 1 1
github.com/npikall/gotpm/internal/store/store.go:280.2,280.17 1 1
github.com/npikall/gotpm/internal/store/store.go:284.2,285.1 1 1
github.com/npikall/gotpm/internal/store/store.go:288.2,290.1 2 1
github.com/npikall/gotpm/internal/store/store.go:293.2,295.1 2 1
github.com/npikall/gotpm/internal/store/store.go:298.2,300.1 2 1
github.com/npikall/gotpm/internal/store/store.go:303.2,305.1 2 1
github.com/npikall/gotpm/internal/store/store.go:308.2,308.78 1 1
github.com/npikall/gotpm/internal/store/store.go:309.3,310.1 1 0
github.com/npikall/gotpm/internal/store/store.go:311.2,311.12 1 1
github.com/npikall/gotpm/internal/resolve/resolve.go:59.2,60.1 1 1
github.com/npikall/gotpm/internal/resolve/resolve.go:64.2,65.16 2 1
github.com/npikall/gotpm/internal/resolve/resolve.go:66.3,67.1 1 0
github.com/npikall/gotpm/internal/resolve/resolve.go:69.2,70.16 2 1
github.com/npikall/gotpm/internal/resolve/resolve.go:71.3,72.1 1 0
github.com/npikall/gotpm/internal/resolve/resolve.go:73.2,75.1 4 1
github.com/npikall/gotpm/internal/resolve/resolve.go:76.2,77.16 4 1
github.com/npikall/gotpm/internal/resolve/resolve.go:78.3,79.1 1 0
github.com/npikall/gotpm/internal/resolve/resolve.go:80.2,81.16 2 1
github.com/npikall/gotpm/internal/resolve/resolve.go:82.3,83.1 1 1
github.com/npikall/gotpm/internal/resolve/resolve.go:84.2,84.66 1 1
github.com/npikall/gotpm/internal/resolve/resolve.go:85.3,86.1 1 0
github.com/npikall/gotpm/internal/resolve/resolve.go:87.2,88.1 3 1
github.com/npikall/gotpm/internal/resolve/resolve.go:89.2,90.16 3 1
github.com/npikall/gotpm/internal/resolve/resolve.go:91.3,92.1 1 1
github.com/npikall/gotpm/internal/resolve/resolve.go:93.2,94.1 2 1
github.com/npikall/gotpm/internal/resolve/resolve.go:95.2,95.97 2 1
github.com/npikall/gotpm/internal/resolve/resolve.go:99.2,99.44 1 1
github.com/npikall/gotpm/internal/resolve/resolve.go:100.3,101.1 1 1
github.com/npikall/gotpm/internal/resolve/resolve.go:103.2,104.16 2 1
github.com/npikall/gotpm/internal/resolve/resolve.go:105.3,106.1 1 0
github.com/npikall/gotpm/internal/resolve/resolve.go:107.2,107.42 1 1
github.com/npikall/gotpm/internal/resolve/resolve.go:108.3,110.1 2 1
github.com/npikall/gotpm/internal/resolve/resolve.go:112.2,113.26 2 1
github.com/npikall/gotpm/internal/resolve/resolve.go:120.2,124.27 2 1
github.com/npikall/gotpm/internal/resolve/resolve.go:125.3,126.17 2 1
github.com/npikall/gotpm/internal/resolve/resolve.go:127.4,127.12 1 1
github.com/npikall/gotpm/internal/resolve/resolve.go:129.3,129.61 1 1
github.com/npikall/gotpm/internal/resolve/resolve.go:130.4,131.1 1 1
github.com/npikall/gotpm/internal/resolve/resolve.go:133.2,133.37 1 1
github.com/npikall/gotpm/internal/resolve/resolve.go:137.2,138.36 2 1
github.com/npikall/gotpm/internal/resolve/resolve.go:139.3,141.1 1 1
github.com/npikall/gotpm/internal/resolve/resolve.go:142.2,142.16 1 1
github.com/npikall/gotpm/internal/resolve/resolve.go:143.3,144.1 1 0
github.com/npikall/gotpm/internal/resolve/resolve.go:145.2,145.15 1 1
github.com/npikall/gotpm/internal/resolve/resolve.go:149.2,150.67 2 1
github.com/npikall/gotpm/internal/resolve/resolve.go:151.3,152.1 1 1
github.com/npikall/gotpm/internal/resolve/resolve.go:153.2,154.72 1 1
github.com/npikall/gotpm/internal/resolve/resolve.go:158.2,158.79 1 1
github.com/npikall/gotpm/internal/resolve/resolve.go:159.3,160.1 1 1
github.com/npikall/gotpm/internal/resolve/resolve.go:161.2,161.108 1 0
github.com/npikall/gotpm/internal/resolve/url.go:32.2,33.19 2 1
github.com/npikall/gotpm/internal/resolve/url.go:34.3,35.1 1 1
github.com/npikall/gotpm/internal/resolve/url.go:37.2,37.22 1 1
github.com/npikall/gotpm/internal/resolve/url.go:38.3,40.1 2 1
github.com/npikall/gotpm/internal/resolve/url.go:42.2,43.16 2 1
github.com/npikall/gotpm/internal/resolve/url.go:44.3,45.1 1 0
github.com/npikall/gotpm/internal/resolve/url.go:46.2,46.49 1 1
github.com/npikall/gotpm/internal/resolve/url.go:47.3,48.1 1 1
github.com/npikall/gotpm/internal/resolve/url.go:50.2,51.48 2 1
github.com/npikall/gotpm/internal/resolve/url.go:52.3,53.1 1 1
github.com/npikall/gotpm/internal/resolve/url.go:54.2,54.62 1 1
github.com/npikall/gotpm/internal/resolve/url.go:58.2,59.1 2 1
github.com/npikall/gotpm/internal/resolve/url.go:60.2,60.47 2 1
github.com/npikall/gotpm/internal/resolve/url.go:61.3,62.1 1 1
github.com/npikall/gotpm/internal/resolve/url.go:64.2,64.25 1 1
github.com/npikall/gotpm/internal/resolve/url.go:65.3,66.1 1 1
github.com/npikall/gotpm/internal/resolve/url.go:68.2,69.16 2 1
github.com/npikall/gotpm/internal/resolve/url.go:70.3,71.1 1 0
github.com/npikall/gotpm/internal/resolve/url.go:72.2,72.23 1 1
github.com/npikall/gotpm/internal/resolve/url.go:73.3,74.1 1 0
github.com/npikall/gotpm/internal/resolve/url.go:75.2,75.64 1 1
github.com/npikall/gotpm/internal/resolve/url.go:79.2,80.33 2 1
github.com/npikall/gotpm/internal/resolve/url.go:81.3,82.1 1 1
github.com/npikall/gotpm/internal/resolve/url.go:83.2,83.41 1 1
github.com/npikall/gotpm/internal/resolve/url.go:84.3,85.1 1 1
github.com/npikall/gotpm/internal/resolve/url.go:86.2,86.35 1 1
github.com/npikall/gotpm/internal/resolve/url.go:87.3,88.1 1 1
github.com/npikall/gotpm/internal/resolve/url.go:89.2,89.12 1 1
github.com/npikall/gotpm/internal/resolve/url.go:93.2,93.20 1 1
github.com/npikall/gotpm/internal/resolve/url.go:94.3,95.1 1 1
github.com/npikall/gotpm/internal/resolve/url.go:96.2,97.59 2 1
github.com/npikall/gotpm/internal/resolve/url.go:98.3,99.1 1 1
github.com/npikall/gotpm/internal/resolve/url.go:100.2,100.63 1 1
github.com/npikall/gotpm/internal/resolve/url.go:101.3,102.1 1 1
github.com/npikall/gotpm/internal/resolve/url.go:103.2,103.28 1 0
github.com/npikall/gotpm/internal/resolve/url.go:107.2,109.1 2 1
github.com/npikall/gotpm/internal/resolve/url.go:112.2,113.1 1 1
github.com/npikall/gotpm/internal/resolve/url.go:118.2,119.1 1 1
github.com/npikall/gotpm/internal/cmds/remove/remove.go:35.2,36.16 2 1
github.com/npikall/gotpm/internal/cmds/remove/remove.go:37.3,38.1 1 1
github.com/npikall/gotpm/internal/cmds/remove/remove.go:39.2,40.16 2 1
github.com/npikall/gotpm/internal/cmds/remove/remove.go:41.3,42.1 1 0
github.com/npikall/gotpm/internal/cmds/remove/remove.go:43.2,44.1 3 1
github.com/npikall/gotpm/internal/cmds/remove/remove.go:45.2,46.16 3 1
github.com/npikall/gotpm/internal/cmds/remove/remove.go:47.3,48.1 1 1
github.com/npikall/gotpm/internal/cmds/remove/remove.go:50.2,50.59 1 1
github.com/npikall/gotpm/internal/cmds/remove/remove.go:51.3,52.1 1 0
github.com/npikall/gotpm/internal/cmds/remove/remove.go:53.2,54.16 2 1
github.com/npikall/gotpm/internal/cmds/remove/remove.go:55.3,56.1 1 0
github.com/npikall/gotpm/internal/cmds/remove/remove.go:58.2,58.16 1 1
github.com/npikall/gotpm/internal/cmds/remove/remove.go:59.3,59.52 1 1
github.com/npikall/gotpm/internal/cmds/remove/remove.go:60.4,61.1 1 0
github.com/npikall/gotpm/internal/cmds/remove/remove.go:63.2,64.12 2 1
github.com/npikall/gotpm/internal/cmds/remove/remove.go:68.2,69.16 2 1
github.com/npikall/gotpm/internal/cmds/remove/remove.go:70.3,71.1 1 1
github.com/npikall/gotpm/internal/cmds/remove/remove.go:72.2,72.21 1 1
github.com/npikall/gotpm/internal/cmds/remove/remove.go:76.2,77.37 2 1
github.com/npikall/gotpm/internal/cmds/remove/remove.go:78.3,79.1 1 1
github.com/npikall/gotpm/internal/cmds/remove/remove.go:80.2,80.73 1 1
github.com/npikall/gotpm/internal/cmds/remove/remove.go:80.75,80.94 1 1
github.com/npikall/gotpm/internal/cmds/remove/remove.go:84.2,85.16 2 1
github.com/npikall/gotpm/internal/cmds/remove/remove.go:86.3,87.1 1 0
github.com/npikall/gotpm/internal/cmds/remove/remove.go:88.2,89.47 2 1
github.com/npikall/gotpm/internal/cmds/remove/remove.go:90.3,91.1 1 0
github.com/npikall/gotpm/internal/cmds/remove/remove.go:92.2,92.21 1 1
github.com/npikall/gotpm/internal/cmds/remove/remove.go:96.2,97.16 2 1
github.com/npikall/gotpm/internal/cmds/remove/remove.go:98.3,99.1 1 0
github.com/npikall/gotpm/internal/cmds/remove/remove.go:100.2,100.32 1 1
github.com/npikall/gotpm/internal/cmds/remove/remove.go:101.3,102.17 2 1
github.com/npikall/gotpm/internal/cmds/remove/remove.go:103.4,104.1 1 0
github.com/npikall/gotpm/internal/cmds/remove/remove.go:105.3,105.39 1 1
github.com/npikall/gotpm/internal/cmds/remove/remove.go:106.4,107.1 1 0
github.com/npikall/gotpm/internal/cmds/remove/remove.go:108.3,108.89 1 1
github.com/npikall/gotpm/internal/cmds/remove/remove.go:110.2,110.12 1 1
github.com/npikall/gotpm/internal/cmds/remove/remove.go:114.2,116.32 3 1
github.com/npikall/gotpm/internal/cmds/remove/remove.go:117.3,117.26 1 1
github.com/npikall/gotpm/internal/cmds/remove/remove.go:118.4,119.12 2 1
github.com/npikall/gotpm/internal/cmds/remove/remove.go:121.3,121.42 1 1
github.com/npikall/gotpm/internal/cmds/remove/remove.go:124.2,125.14 2 1
github.com/npikall/gotpm/internal/cmds/remove/remove.go:126.3,127.1 1 0
github.com/npikall/gotpm/internal/cmds/remove/remove.go:128.2,128.22 1 1
github.com/npikall/gotpm/internal/cmds/remove/remove.go:129.3,131.1 2 1
github.com/npikall/gotpm/internal/cmds/remove/remove.go:132.2,132.33 1 1
github.com/npikall/gotpm/internal/cmds/remove/remove.go:133.3,134.1 1 1
github.com/npikall/gotpm/internal/deps/deps.go:60.2,60.22 1 1
github.com/npikall/gotpm/internal/deps/deps.go:61.3,62.1 1 1
github.com/npikall/gotpm/internal/deps/deps.go:63.2,65.94 1 1
github.com/npikall/gotpm/internal/deps/deps.go:72.2,72.27 1 1
github.com/npikall/gotpm/internal/deps/deps.go:73.3,74.1 1 1
github.com/npikall/gotpm/internal/deps/deps.go:75.2,77.24 3 1
github.com/npikall/gotpm/internal/deps/deps.go:78.3,79.1 1 1
github.com/npikall/gotpm/internal/deps/deps.go:80.2,80.81 1 1
github.com/npikall/gotpm/internal/deps/deps.go:84.2,84.20 1 1
github.com/npikall/gotpm/internal/deps/deps.go:85.3,86.1 1 1
github.com/npikall/gotpm/internal/deps/deps.go:87.2,87.49 1 1
github.com/npikall/gotpm/internal/deps/deps.go:94.2,94.31 1 1
github.com/npikall/gotpm/internal/deps/deps.go:95.3,96.1 1 0
github.com/npikall/gotpm/internal/deps/deps.go:97.2,97.28 1 1
github.com/npikall/gotpm/internal/deps/deps.go:112.2,113.16 2 1
github.com/npikall/gotpm/internal/deps/deps.go:114.3,115.1 1 0
github.com/npikall/gotpm/internal/deps/deps.go:116.2,116.63 1 1
github.com/npikall/gotpm/internal/deps/deps.go:123.2,124.32 2 1
github.com/npikall/gotpm/internal/deps/deps.go:125.3,126.17 2 1
github.com/npikall/gotpm/internal/deps/deps.go:127.4,128.1 1 1
github.com/npikall/gotpm/internal/deps/deps.go:129.3,129.36 1 1
github.com/npikall/gotpm/internal/deps/deps.go:131.2,131.21 1 1
github.com/npikall/gotpm/internal/deps/deps.go:138.2,139.16 2 1
github.com/npikall/gotpm/internal/deps/deps.go:140.3,141.1 1 0
github.com/npikall/gotpm/internal/deps/deps.go:143.2,144.16 2 1
github.com/npikall/gotpm/internal/deps/deps.go:145.3,146.1 1 0
github.com/npikall/gotpm/internal/deps/deps.go:147.2,147.24 1 1
github.com/npikall/gotpm/internal/deps/deps.go:148.3,150.1 2 1
github.com/npikall/gotpm/internal/deps/deps.go:151.2,151.36 1 1
github.com/npikall/gotpm/internal/deps/deps.go:152.3,153.1 1 1
github.com/npikall/gotpm/internal/deps/deps.go:154.2,154.23 1 1
github.com/npikall/gotpm/internal/deps/deps.go:155.3,155.45 1 1
github.com/npikall/gotpm/internal/deps/deps.go:156.4,157.1 1 0
github.com/npikall/gotpm/internal/deps/deps.go:160.2,161.16 2 1
github.com/npikall/gotpm/internal/deps/deps.go:162.3,163.1 1 1
github.com/npikall/gotpm/internal/deps/deps.go:164.2,165.23 2 1
github.com/npikall/gotpm/internal/deps/deps.go:166.3,167.1 1 1
github.com/npikall/gotpm/internal/deps/deps.go:168.2,171.8 1 1
github.com/npikall/gotpm/internal/deps/deps.go:184.2,184.23 1 1
github.com/npikall/gotpm/internal/deps/deps.go:185.3,186.1 1 1
github.com/npikall/gotpm/internal/deps/deps.go:187.2,188.16 2 1
github.com/npikall/gotpm/internal/deps/deps.go:189.3,190.1 1 0
github.com/npikall/gotpm/internal/deps/deps.go:191.2,191.9 1 1
github.com/npikall/gotpm/internal/deps/deps.go:193.3,193.28 1 1
github.com/npikall/gotpm/internal/deps/deps.go:195.3,195.28 1 1
github.com/npikall/gotpm/internal/deps/deps.go:197.3,197.26 1 1
github.com/npikall/gotpm/internal/deps/deps.go:202.2,203.16 2 1
github.com/npikall/gotpm/internal/deps/deps.go:204.3,205.1 1 0
github.com/npikall/gotpm/internal/deps/deps.go:206.2,207.16 2 1
github.com/npikall/gotpm/internal/deps/deps.go:208.3,209.1 1 1
github.com/npikall/gotpm/internal/deps/deps.go:210.2,211.1 3 1
github.com/npikall/gotpm/internal/deps/deps.go:212.2,213.72 3 1
github.com/npikall/gotpm/internal/deps/deps.go:214.3,215.1 1 0
github.com/npikall/gotpm/internal/deps/deps.go:216.2,216.56 1 1
github.com/npikall/gotpm/internal/deps/deps.go:217.3,218.1 1 0
github.com/npikall/gotpm/internal/deps/deps.go:219.2,220.1 2 1
github.com/npikall/gotpm/internal/deps/deps.go:221.2,223.4 2 1
github.com/npikall/gotpm/internal/deps/deps.go:227.2,227.86 1 1
github.com/npikall/gotpm/internal/deps/deps.go:228.3,229.1 1 0
github.com/npikall/gotpm/internal/deps/deps.go:230.2,231.38 2 1
github.com/npikall/gotpm/internal/deps/deps.go:232.3,233.1 1 1
github.com/npikall/gotpm/internal/deps/deps.go:234.2,234.13 1 1
github.com/npikall/gotpm/internal/deps/deps.go:238.2,239.20 2 1
github.com/npikall/gotpm/internal/deps/deps.go:240.3,241.1 1 1
github.com/npikall/gotpm/internal/deps/deps.go:242.2,244.43 1 1
github.com/npikall/gotpm/internal/deps/project.go:24.2,25.16 2 0
github.com/npikall/gotpm/internal/deps/project.go:26.3,27.1 1 0
github.com/npikall/gotpm/internal/deps/project.go:28.2,28.27 1 0
github.com/npikall/gotpm/internal/deps/project.go:34.2,35.16 2 0
github.com/npikall/gotpm/internal/deps/project.go:36.3,36.51 1 0
github.com/npikall/gotpm/internal/deps/project.go:37.4,38.1 1 0
github.com/npikall/gotpm/internal/deps/project.go:39.3,39.18 1 0
github.com/npikall/gotpm/internal/deps/project.go:41.2,42.16 2 0
github.com/npikall/gotpm/internal/deps/project.go:43.3,44.1 1 0
github.com/npikall/gotpm/internal/deps/project.go:45.2,45.72 1 0
github.com/npikall/gotpm/internal/deps/project.go:51.2,52.1 1 0
github.com/npikall/gotpm/internal/deps/project.go:57.2,57.63 1 0
github.com/npikall/gotpm/internal/deps/project.go:58.3,59.1 1 0
github.com/npikall/gotpm/internal/deps/project.go:60.2,61.12 2 0
github.com/npikall/gotpm/internal/deps/project.go:67.2,68.1 1 0
github.com/npikall/gotpm/internal/deps/project.go:72.2,73.1 1 0
github.com/npikall/gotpm/internal/cmds/install/install.go:49.2,49.40 1 1
github.com/npikall/gotpm/internal/cmds/install/install.go:50.3,51.1 1 1
github.com/npikall/gotpm/internal/cmds/install/install.go:52.2,52.23 1 1
github.com/npikall/gotpm/internal/cmds/install/install.go:53.3,54.1 1 1
github.com/npikall/gotpm/internal/cmds/install/install.go:55.2,55.34 1 1
github.com/npikall/gotpm/internal/cmds/install/install.go:59.2,60.16 2 1
github.com/npikall/gotpm/internal/cmds/install/install.go:61.3,62.1 1 1
github.com/npikall/gotpm/internal/cmds/install/install.go:63.2,64.1 3 1
github.com/npikall/gotpm/internal/cmds/install/install.go:65.2,66.16 3 1
github.com/npikall/gotpm/internal/cmds/install/install.go:67.3,68.1 1 1
github.com/npikall/gotpm/internal/cmds/install/install.go:69.2,70.1 3 1
github.com/npikall/gotpm/internal/cmds/install/install.go:71.2,72.16 3 1
github.com/npikall/gotpm/internal/cmds/install/install.go:73.3,74.1 1 0
github.com/npikall/gotpm/internal/cmds/install/install.go:75.2,76.16 2 1
github.com/npikall/gotpm/internal/cmds/install/install.go:77.3,78.1 1 1
github.com/npikall/gotpm/internal/cmds/install/install.go:79.2,80.1 2 1
github.com/npikall/gotpm/internal/cmds/install/install.go:81.2,81.61 2 1
github.com/npikall/gotpm/internal/cmds/install/install.go:82.3,83.1 1 1
github.com/npikall/gotpm/internal/cmds/install/install.go:85.2,85.19 1 1
github.com/npikall/gotpm/internal/cmds/install/install.go:86.3,87.1 1 1
github.com/npikall/gotpm/internal/cmds/install/install.go:89.2,89.37 1 1
github.com/npikall/gotpm/internal/cmds/install/install.go:89.39,89.73 1 1
github.com/npikall/gotpm/internal/cmds/install/install.go:90.3,91.1 1 0
github.com/npikall/gotpm/internal/cmds/install/install.go:92.2,93.12 2 1
github.com/npikall/gotpm/internal/cmds/install/install.go:97.2,98.1 1 1
github.com/npikall/gotpm/internal/cmds/install/install.go:101.2,102.16 2 1
github.com/npikall/gotpm/internal/cmds/install/install.go:103.3,104.1 1 0
github.com/npikall/gotpm/internal/cmds/install/install.go:106.2,106.90 1 1
github.com/npikall/gotpm/internal/cmds/install/install.go:107.3,112.1 1 1
github.com/npikall/gotpm/internal/cmds/install/install.go:113.2,113.16 1 1
github.com/npikall/gotpm/internal/cmds/install/install.go:114.3,115.1 1 0
github.com/npikall/gotpm/internal/cmds/install/install.go:117.2,118.34 2 1
github.com/npikall/gotpm/internal/cmds/install/install.go:119.3,122.1 1 1
github.com/npikall/gotpm/internal/cmds/install/install.go:123.2,124.16 2 1
github.com/npikall/gotpm/internal/cmds/install/install.go:125.3,126.1 1 1
github.com/npikall/gotpm/internal/cmds/install/install.go:128.2,129.77 2 1
github.com/npikall/gotpm/internal/cmds/install/install.go:130.3,131.1 1 1
github.com/npikall/gotpm/internal/cmds/install/install.go:132.2,132.16 1 1
github.com/npikall/gotpm/internal/cmds/install/install.go:133.3,134.1 1 1
github.com/npikall/gotpm/internal/cmds/install/install.go:136.2,138.12 3 1
github.com/npikall/gotpm/internal/cmds/install/install.go:142.2,143.31 2 1
github.com/npikall/gotpm/internal/cmds/install/install.go:144.3,144.42 1 1
github.com/npikall/gotpm/internal/cmds/install/install.go:145.4,146.12 2 1
github.com/npikall/gotpm/internal/cmds/install/install.go:148.3,150.100 1 1
github.com/npikall/gotpm/internal/cmds/install/install.go:152.2,152.22 1 1
github.com/npikall/gotpm/internal/cmds/install/install.go:156.2,156.33 1 1
github.com/npikall/gotpm/internal/cmds/install/install.go:157.3,157.10 1 1
github.com/npikall/gotpm/internal/cmds/install/install.go:159.4,159.72 1 0
github.com/npikall/gotpm/internal/cmds/install/install.go:161.4,161.87 1 1
github.com/npikall/gotpm/internal/cmds/install/install.go:163.4,163.81 1 1
github.com/npikall/gotpm/internal/cmds/install/install.go:165.3,165.54 1 1
github.com/npikall/gotpm/internal/cmds/install/install.go:166.4,167.1 1 1
github.com/npikall/gotpm/internal/cmds/install/install.go:168.3,168.54 1 1
github.com/npikall/gotpm/internal/cmds/install/install.go:169.4,170.1 1 0
github.com/npikall/gotpm/internal/cmds/install/install.go:175.2,175.32 1 1
github.com/npikall/gotpm/internal/cmds/install/install.go:176.3,177.1 1 0
github.com/npikall/gotpm/internal/cmds/install/install.go:178.2,178.28 1 1
github.com/npikall/gotpm/internal/cmds/install/install.go:182.2,182.29 1 1
github.com/npikall/gotpm/internal/cmds/install/install.go:183.3,184.1 1 1
github.com/npikall/gotpm/internal/cmds/install/install.go:188.2,188.41 1 1
github.com/npikall/gotpm/internal/cmds/install/install.go:189.3,190.1 1 0
github.com/npikall/gotpm/internal/cmds/install/install.go:191.2,192.12 2 1
github.com/npikall/gotpm/internal/cmds/install/install.go:196.2,197.16 2 1
github.com/npikall/gotpm/internal/cmds/install/install.go:198.3,199.1 1 1
github.com/npikall/gotpm/internal/cmds/install/install.go:200.2,201.16 2 1
github.com/npikall/gotpm/internal/cmds/install/install.go:202.3,203.1 1 0
github.com/npikall/gotpm/internal/cmds/install/install.go:204.2,205.26 2 1
github.com/npikall/gotpm/internal/cmds/install/install.go:209.2,209.17 1 1
github.com/npikall/gotpm/internal/cmds/install/install.go:210.3,211.1 1 1
github.com/npikall/gotpm/internal/cmds/install/install.go:212.2,212.12 1 1
github.com/npikall/gotpm/internal/cmds/install/install.go:213.3,214.1 1 1
github.com/npikall/gotpm/internal/cmds/install/install.go:215.2,215.38 1 1
github.com/npikall/gotpm/internal/cmds/install/install.go:216.3,217.1 1 0
github.com/npikall/gotpm/internal/cmds/install/install.go:218.2,218.12 1 1
github.com/npikall/gotpm/internal/cmds/install/install.go:222.2,222.16 1 1
github.com/npikall/gotpm/internal/cmds/install/install.go:223.3,224.17 2 1
github.com/npikall/gotpm/internal/cmds/install/install.go:225.4,226.1 1 0
github.com/npikall/gotpm/internal/cmds/install/install.go:227.3,227.18 1 1
github.com/npikall/gotpm/internal/cmds/install/install.go:229.2,229.34 1 1
github.com/npikall/gotpm/internal/cmds/install/install.go:233.2,234.16 2 1
github.com/npikall/gotpm/internal/cmds/install/install.go:235.3,236.1 1 0
github.com/npikall/gotpm/internal/cmds/install/install.go:237.2,237.55 1 1
github.com/npikall/gotpm/internal/cmds/install/install.go:238.3,239.1 1 1
github.com/npikall/gotpm/internal/cmds/install/install.go:240.2,240.21 1 1
github.com/npikall/gotpm/internal/cmds/sync/sync.go:41.2,42.16 2 1
github.com/npikall/gotpm/internal/cmds/sync/sync.go:43.3,44.1 1 1
github.com/npikall/gotpm/internal/cmds/sync/sync.go:45.2,46.1 3 1
github.com/npikall/gotpm/internal/cmds/sync/sync.go:47.2,48.16 3 1
github.com/npikall/gotpm/internal/cmds/sync/sync.go:49.3,50.1 1 0
github.com/npikall/gotpm/internal/cmds/sync/sync.go:51.2,52.16 2 1
github.com/npikall/gotpm/internal/cmds/sync/sync.go:53.3,54.1 1 1
github.com/npikall/gotpm/internal/cmds/sync/sync.go:55.2,55.58 1 1
github.com/npikall/gotpm/internal/cmds/sync/sync.go:56.3,57.1 1 1
github.com/npikall/gotpm/internal/cmds/sync/sync.go:59.2,62.1 4 1
github.com/npikall/gotpm/internal/cmds/sync/sync.go:63.2,63.72 4 1
github.com/npikall/gotpm/internal/cmds/sync/sync.go:64.3,65.1 1 1
github.com/npikall/gotpm/internal/cmds/sync/sync.go:67.2,68.16 2 1
github.com/npikall/gotpm/internal/cmds/sync/sync.go:69.3,70.1 1 0
github.com/npikall/gotpm/internal/cmds/sync/sync.go:71.2,71.77 1 1
github.com/npikall/gotpm/internal/cmds/sync/sync.go:72.3,73.1 1 1
github.com/npikall/gotpm/internal/cmds/sync/sync.go:74.2,74.16 1 1
github.com/npikall/gotpm/internal/cmds/sync/sync.go:75.3,76.1 1 0
github.com/npikall/gotpm/internal/cmds/sync/sync.go:77.2,78.12 2 1
github.com/npikall/gotpm/internal/cmds/sync/sync.go:82.2,83.16 2 1
github.com/npikall/gotpm/internal/cmds/sync/sync.go:84.3,85.1 1 1
github.com/npikall/gotpm/internal/cmds/sync/sync.go:86.2,87.27 2 1
github.com/npikall/gotpm/internal/cmds/sync/sync.go:88.3,89.1 1 1
github.com/npikall/gotpm/internal/cmds/sync/sync.go:90.2,90.21 1 1
github.com/npikall/gotpm/internal/cmds/sync/sync.go:94.2,95.31 2 1
github.com/npikall/gotpm/internal/cmds/sync/sync.go:96.3,96.34 1 1
github.com/npikall/gotpm/internal/cmds/sync/sync.go:97.4,98.1 1 1
github.com/npikall/gotpm/internal/cmds/sync/sync.go:100.2,100.23 1 1
github.com/npikall/gotpm/internal/cmds/sync/sync.go:101.3,102.1 1 1
github.com/npikall/gotpm/internal/cmds/sync/sync.go:103.2,105.68 1 1
github.com/npikall/gotpm/internal/cmds/sync/sync.go:109.2,109.14 1 1
github.com/npikall/gotpm/internal/cmds/sync/sync.go:110.3,111.1 1 1
github.com/npikall/gotpm/internal/cmds/sync/sync.go:112.2,112.17 1 1
github.com/npikall/gotpm/internal/cmds/sync/sync.go:113.3,116.1 1 1
github.com/npikall/gotpm/internal/cmds/sync/sync.go:117.2,117.31 1 1
github.com/npikall/gotpm/internal/cmds/sync/sync.go:121.2,121.23 1 1
github.com/npikall/gotpm/internal/cmds/sync/sync.go:122.3,123.1 1 0
github.com/npikall/gotpm/internal/cmds/sync/sync.go:124.2,124.80 1 1
github.com/npikall/gotpm/internal/cmds/sync/sync.go:128.2,128.22 1 1
github.com/npikall/gotpm/internal/cmds/sync/sync.go:129.3,130.1 1 1
github.com/npikall/gotpm/internal/cmds/sync/sync.go:132.2,133.33 2 1
github.com/npikall/gotpm/internal/cmds/sync/sync.go:134.3,134.38 1 1
github.com/npikall/gotpm/internal/cmds/sync/sync.go:135.4,137.1 2 1
github.com/npikall/gotpm/internal/cmds/sync/sync.go:138.3,138.54 1 1
github.com/npikall/gotpm/internal/cmds/sync/sync.go:139.4,140.1 1 0
github.com/npikall/gotpm/internal/cmds/sync/sync.go:141.3,141.54 1 1
github.com/npikall/gotpm/internal/cmds/sync/sync.go:142.4,143.1 1 0
github.com/npikall/gotpm/internal/cmds/sync/sync.go:145.2,145.18 1 1
github.com/npikall/gotpm/internal/cmds/sync/sync.go:146.3,147.1 1 1
github.com/npikall/gotpm/internal/cmds/sync/sync.go:151.2,152.32 2 1
github.com/npikall/gotpm/internal/cmds/sync/sync.go:153.3,154.1 1 1
github.com/npikall/gotpm/internal/cmds/sync/sync.go:155.2,156.16 2 1
github.com/npikall/gotpm/internal/cmds/add/add.go:37.2,38.16 2 1
github.com/npikall/gotpm/internal/cmds/add/add.go:39.3,40.1 1 1
github.com/npikall/gotpm/internal/cmds/add/add.go:41.2,42.1 2 1
github.com/npikall/gotpm/internal/cmds/add/add.go:43.2,43.82 2 1
github.com/npikall/gotpm/internal/cmds/add/add.go:44.3,45.1 1 1
github.com/npikall/gotpm/internal/cmds/add/add.go:46.2,46.16 1 1
github.com/npikall/gotpm/internal/cmds/add/add.go:47.3,48.1 1 0
github.com/npikall/gotpm/internal/cmds/add/add.go:49.2,49.62 1 1
github.com/npikall/gotpm/internal/cmds/add/add.go:50.3,51.1 1 0
github.com/npikall/gotpm/internal/cmds/add/add.go:52.2,54.1 4 1
github.com/npikall/gotpm/internal/cmds/add/add.go:55.2,56.16 4 1
github.com/npikall/gotpm/internal/cmds/add/add.go:57.3,58.1 1 0
github.com/npikall/gotpm/internal/cmds/add/add.go:59.2,59.77 1 1
github.com/npikall/gotpm/internal/cmds/add/add.go:60.3,61.1 1 1
github.com/npikall/gotpm/internal/cmds/add/add.go:62.2,62.16 1 1
github.com/npikall/gotpm/internal/cmds/add/add.go:63.3,64.1 1 1
github.com/npikall/gotpm/internal/cmds/add/add.go:66.2,66.53 1 1
github.com/npikall/gotpm/internal/cmds/add/add.go:67.3,68.1 1 0
github.com/npikall/gotpm/internal/cmds/add/add.go:69.2,69.56 1 1
github.com/npikall/gotpm/internal/cmds/add/add.go:70.3,71.1 1 0
github.com/npikall/gotpm/internal/cmds/add/add.go:73.2,74.12 2 1
github.com/npikall/gotpm/internal/cmds/add/add.go:78.2,78.26 1 1
github.com/npikall/gotpm/internal/cmds/add/add.go:79.3,80.1 1 1
github.com/npikall/gotpm/internal/cmds/add/add.go:81.2,83.41 3 0
github.com/npikall/gotpm/internal/cmds/add/add.go:84.3,85.1 1 0
github.com/npikall/gotpm/internal/cmds/add/add.go:86.2,88.88 1 0
github.com/npikall/gotpm/internal/cmds/add/add.go:92.2,93.16 2 1
github.com/npikall/gotpm/internal/cmds/add/add.go:94.3,95.1 1 0
github.com/npikall/gotpm/internal/cmds/add/add.go:96.2,96.32 1 1
github.com/npikall/gotpm/internal/cmds/add/add.go:97.3,98.1 1 1
github.com/npikall/gotpm/internal/cmds/add/add.go:99.2,99.31 1 1
github.com/npikall/gotpm/internal/cmds/add/add.go:103.2,104.36 2 1
github.com/npikall/gotpm/internal/cmds/add/add.go:105.3,106.1 1 1
github.com/npikall/gotpm/internal/cmds/add/add.go:107.2,107.69 1 1
github.com/npikall/gotpm/internal/cmds/add/add.go:111.2,111.33 1 1
github.com/npikall/gotpm/internal/cmds/add/add.go:112.3,112.10 1 1
github.com/npikall/gotpm/internal/cmds/add/add.go:114.4,114.72 1 1
github.com/npikall/gotpm/internal/cmds/add/add.go:116.4,116.83 1 1
github.com/npikall/gotpm/internal/cmds/add/add.go:118.4,118.81 1 1
github.com/npikall/gotpm/internal/cmds/add/add.go:120.3,120.54 1 1
github.com/npikall/gotpm/internal/cmds/add/add.go:121.4,122.1 1 1
github.com/npikall/gotpm/internal/cmds/add/add.go:123.3,123.54 1 1
github.com/npikall/gotpm/internal/cmds/add/add.go:124.4,125.1 1 0
github.com/npikall/gotpm/internal/cmds/add/add.go:130.2,130.32 1 1
github.com/npikall/gotpm/internal/cmds/add/add.go:131.3,132.1 1 0
github.com/npikall/gotpm/internal/cmds/add/add.go:133.2,133.28 1 1
github.com/npikall/gotpm/internal/depgraph/depgraph.go:76.2,77.72 2 1
github.com/npikall/gotpm/internal/depgraph/depgraph.go:78.3,79.1 1 1
github.com/npikall/gotpm/internal/depgraph/depgraph.go:80.2,80.66 1 1
github.com/npikall/gotpm/internal/depgraph/depgraph.go:100.2,100.28 1 1
github.com/npikall/gotpm/internal/depgraph/depgraph.go:101.3,103.1 1 1
github.com/npikall/gotpm/internal/depgraph/depgraph.go:105.2,106.16 2 1
github.com/npikall/gotpm/internal/depgraph/depgraph.go:107.3,108.1 1 1
github.com/npikall/gotpm/internal/depgraph/depgraph.go:109.2,110.1 2 1
github.com/npikall/gotpm/internal/depgraph/depgraph.go:111.2,111.53 2 1
github.com/npikall/gotpm/internal/depgraph/depgraph.go:112.3,112.43 1 1
github.com/npikall/gotpm/internal/depgraph/depgraph.go:113.4,114.1 1 0
github.com/npikall/gotpm/internal/depgraph/depgraph.go:115.3,116.13 2 1
github.com/npikall/gotpm/internal/depgraph/depgraph.go:119.2,120.16 2 1
github.com/npikall/gotpm/internal/depgraph/depgraph.go:121.3,122.1 1 0
github.com/npikall/gotpm/internal/depgraph/depgraph.go:123.2,126.1 5 1
github.com/npikall/gotpm/internal/depgraph/depgraph.go:127.2,128.16 5 1
github.com/npikall/gotpm/internal/depgraph/depgraph.go:129.3,130.1 1 1
github.com/npikall/gotpm/internal/depgraph/depgraph.go:131.2,133.33 3 1
github.com/npikall/gotpm/internal/depgraph/depgraph.go:134.3,134.52 1 1
github.com/npikall/gotpm/internal/depgraph/depgraph.go:135.4,136.1 1 1
github.com/npikall/gotpm/internal/depgraph/depgraph.go:138.2,138.12 1 1
github.com/npikall/gotpm/internal/depgraph/depgraph.go:142.2,143.37 2 1
github.com/npikall/gotpm/internal/depgraph/depgraph.go:144.3,144.50 1 1
github.com/npikall/gotpm/internal/depgraph/depgraph.go:145.4,146.1 1 1
github.com/npikall/gotpm/internal/depgraph/depgraph.go:148.2,148.16 1 1
github.com/npikall/gotpm/internal/depgraph/depgraph.go:152.2,154.76 3 1
github.com/npikall/gotpm/internal/depgraph/depgraph.go:155.3,157.1 2 1
github.com/npikall/gotpm/internal/depgraph/depgraph.go:161.2,162.42 2 1
github.com/npikall/gotpm/internal/depgraph/depgraph.go:163.3,164.1 1 0
github.com/npikall/gotpm/internal/depgraph/depgraph.go:165.2,166.16 2 1
github.com/npikall/gotpm/internal/depgraph/depgraph.go:167.3,168.1 1 0
github.com/npikall/gotpm/internal/depgraph/depgraph.go:170.2,171.22 2 1
github.com/npikall/gotpm/internal/depgraph/depgraph.go:172.3,173.1 1 1
github.com/npikall/gotpm/internal/depgraph/depgraph.go:174.2,175.24 2 1
github.com/npikall/gotpm/internal/depgraph/depgraph.go:176.3,177.1 1 1
github.com/npikall/gotpm/internal/depgraph/depgraph.go:179.2,189.8 1 1
github.com/npikall/gotpm/internal/depgraph/depgraph.go:193.2,194.24 2 1
github.com/npikall/gotpm/internal/depgraph/depgraph.go:195.3,196.1 1 1
github.com/npikall/gotpm/internal/depgraph/depgraph.go:197.2,198.16 2 1
github.com/npikall/gotpm/internal/depgraph/depgraph.go:199.3,200.1 1 1
github.com/npikall/gotpm/internal/depgraph/depgraph.go:202.2,203.16 2 1
github.com/npikall/gotpm/internal/depgraph/depgraph.go:204.3,205.1 1 0
github.com/npikall/gotpm/internal/depgraph/depgraph.go:206.2,207.1 4 1
github.com/npikall/gotpm/internal/depgraph/depgraph.go:208.2,210.27 4 1
github.com/npikall/gotpm/internal/depgraph/depgraph.go:211.3,212.10 2 1
github.com/npikall/gotpm/internal/depgraph/depgraph.go:213.4,214.12 2 1
github.com/npikall/gotpm/internal/depgraph/depgraph.go:216.3,221.5 1 1
github.com/npikall/gotpm/internal/depgraph/depgraph.go:223.2,223.34 1 1
github.com/npikall/gotpm/internal/depgraph/depgraph.go:227.2,227.22 1 1
github.com/npikall/gotpm/internal/depgraph/depgraph.go:228.3,229.1 1 1
github.com/npikall/gotpm/internal/depgraph/depgraph.go:230.2,230.23 1 0
github.com/npikall/gotpm/internal/depgraph/depgraph.go:234.2,235.12 2 1
github.com/npikall/gotpm/internal/depgraph/depgraph.go:236.3,237.1 1 1
github.com/npikall/gotpm/internal/depgraph/depgraph.go:238.2,243.1 1 1
github.com/npikall/gotpm/internal/depgraph/depgraph.go:247.2,247.24 1 1
github.com/npikall/gotpm/internal/depgraph/depgraph.go:248.3,249.1 1 0
github.com/npikall/gotpm/internal/depgraph/depgraph.go:250.2,250.87 1 1
github.com/npikall/gotpm/internal/depgraph/depgraph.go:254.2,254.56 1 1
github.com/npikall/gotpm/internal/depgraph/depgraph.go:255.3,256.1 1 1
github.com/npikall/gotpm/internal/depgraph/depgraph.go:257.2,259.40 1 0
github.com/npikall/gotpm/internal/testrepo/testrepo.go:30.2,33.1 10 0
github.com/npikall/gotpm/internal/testrepo/testrepo.go:34.2,38.1 10 0
github.com/npikall/gotpm/internal/testrepo/testrepo.go:39.2,42.1 10 0
github.com/npikall/gotpm/internal/testrepo/testrepo.go:48.2,54.1 6 0
github.com/npikall/gotpm/internal/testrepo/testrepo.go:71.2,77.1 6 0
github.com/npikall/gotpm/internal/testrepo/testrepo.go:80.34,80.48 1 0
github.com/npikall/gotpm/internal/testrepo/testrepo.go:83.34,83.60 1 0
github.com/npikall/gotpm/internal/testrepo/testrepo.go:87.2,88.1 1 0
github.com/npikall/gotpm/internal/testrepo/testrepo.go:91.34,91.58 1 0
github.com/npikall/gotpm/internal/testrepo/testrepo.go:94.35,94.50 1 0
github.com/npikall/gotpm/internal/testrepo/testrepo.go:99.2,102.27 4 0
github.com/npikall/gotpm/internal/testrepo/testrepo.go:103.3,105.1 2 0
github.com/npikall/gotpm/internal/testrepo/testrepo.go:106.2,106.38 1 0
github.com/npikall/gotpm/internal/testrepo/testrepo.go:113.2,115.1 7 0
github.com/npikall/gotpm/internal/testrepo/testrepo.go:116.2,120.17 7 0
github.com/npikall/gotpm/internal/testrepo/testrepo.go:121.3,122.1 1 0
github.com/npikall/gotpm/internal/testrepo/testrepo.go:124.2,131.1 10 0
github.com/npikall/gotpm/internal/testrepo/testrepo.go:132.2,135.1 10 0
github.com/npikall/gotpm/internal/testrepo/testrepo.go:136.2,137.10 10 0
github.com/npikall/gotpm/internal/testrepo/testrepo.go:142.2,151.1 2 0
github.com/npikall/gotpm/internal/testrepo/testrepo.go:155.2,157.23 3 0
github.com/npikall/gotpm/internal/testrepo/testrepo.go:158.3,159.32 2 0
github.com/npikall/gotpm/internal/testrepo/testrepo.go:160.4,161.1 1 0
github.com/npikall/gotpm/internal/testrepo/testrepo.go:162.3,162.23 1 0
github.com/npikall/gotpm/internal/testrepo/testrepo.go:164.2,164.27 1 0
